x1,x2,Name,Username,  UserProfile  ,  TweetID  ,Retweets,Comments,Favorites,  IsRetweet?  ,Date,  TweetText  ,  TweetSource  ,  StatusURL   
 2,,  Juan Diego Rivas  ,jdiegorivas,https://www.twitter.com/jdiegorivas,  ID: 1354995918987292672  ,0,4,9,no,  2021-01-29 03:32:56  ,  No saben la suerte que tengo con el servicio de @BACCredomaticSV  Llegué a un cajero para depósito y tomó mi dinero y luego se puso en     fuera de servicio    . Hay un tel. para     emergencias    escrito en el cajero...  ,  Twitter Web App  ,https://www.twitter.com/jdiegorivas/status/1354995918987292672 
 3,,  Juan Diego Rivas  ,jdiegorivas,https://www.twitter.com/jdiegorivas,  ID: 1356304422159134721  ,0,0,0,no,  2021-02-01 18:12:27  ,  @BACCredomaticSV Cuidado con este banco! sus cajeros se traban y no te reintegran tu dinero completo! https://t.co/0ALQFQnhzM Luego dicen que te resuelven y a la fecha NO ME HAN RESUELTO!  ,  Twitter Web App  ,https://www.twitter.com/jdiegorivas/status/1356304422159134721 
 4,,  Juan Diego Rivas  ,jdiegorivas,https://www.twitter.com/jdiegorivas,  ID: 1356998163354292224  ,0,0,0,no,  2021-02-03 16:09:08  ,  @BACCredomaticSV Adivinen quién sigue esperando que le resuelvan una situación que se ha dado por la misma inoperancia del banco? Cuidado con sus cajeros! se traban y el banco no devuelve tu dinero... al parecer no tienen registros de log ni tampoco hacen arqueos...     cuánta seguridad     ??  ,  Twitter Web App  ,https://www.twitter.com/jdiegorivas/status/1356998163354292224 
 1,,  Juan Diego Rivas  ,jdiegorivas,https://www.twitter.com/jdiegorivas,  ID: 1354995918987292672  ,0,4,9,no,  2021-01-29 03:32:56  ,  No saben la suerte que tengo con el servicio de @BACCredomaticSV  Llegué a un cajero para depósito y tomó mi dinero y luego se puso en     fuera de servicio    . Hay un tel. para     emergencias    escrito en el cajero...  ,  Twitter Web App  ,https://www.twitter.com/jdiegorivas/status/1354995918987292672 
 2,,  BAC El Salvador  ,BACCredomaticSV,https://www.twitter.com/BACCredomaticSV,  ID: 1358915452911648769  ,0,1,4,no,  2021-02-08 23:07:46  ,  ¿Te has preguntado cómo se sienten tus colaboradores? ??Aprende a motivarlos y a ser ese líder que deseas ?¡Haz clic en la imagen para inscribirte a este #webinar!  ,  Twitter for Advertisers.  ,https://www.twitter.com/BACCredomaticSV/status/1358915452911648769 
 2,,  BAC El Salvador  ,BACCredomaticSV,https://www.twitter.com/BACCredomaticSV,  ID: 1359221820499591168  ,0,5,8,no,  2021-02-09 19:25:09  ,  ¡Ahora nos toca ayudarte a ti! ??Consolida tus deudas con condiciones preferenciales ??¡Tienes hasta $40000! Solicita HOY tu #CréditoPersonal #BACCredomatic dando clic en la imagen ??#Oferta #BACCredomaticElSalvador  ,  Twitter for Advertisers.  ,https://www.twitter.com/BACCredomaticSV/status/1359221820499591168 
 3,,  Lorena Miranda  ,LoMirandaSV,https://www.twitter.com/LoMirandaSV,  ID: 1359902547142656013  ,0,2,0,no,  2021-02-11 16:30:07  ,  @BACCredomaticSV Buenos díasintenté contactarlos a través de los números que aparecen en su página web y la operadora dice que no existen. Escribí al WhatsApp en el que ustedes aseguran que el cliente recibirá asistencia ypor más que lo intentoel bot no comprende qué es lo que necesito.  ,  Twitter for Android  ,https://www.twitter.com/LoMirandaSV/status/1359902547142656013 
 ,3-1,  Lorena Miranda  ,LoMirandaSV,https://www.twitter.com/LoMirandaSV,  ID: 1359904188688400384  ,0,0,0,no,  2021-02-11 16:36:39  ,  @BACCredomaticSV ¿En serio no existe un número de teléfono al que sus usuarios puedan marcar para hacer consultas como en los otros bancos?Yosin ser su clientaya me siento indignadano quiero ni pensar en sus usuarios. ¡Jamás me había costado tando contactar a un banco!  ,  Twitter for Android  ,https://www.twitter.com/LoMirandaSV/status/1359904188688400384 
 ,3-2,  Lorena Miranda  ,LoMirandaSV,https://www.twitter.com/LoMirandaSV,  ID: 1359903553129754634  ,0,1,0,no,  2021-02-11 16:34:07  ,  @BACCredomaticSV Lo peor de todo esto es que yo NO SOY USUARIA DE SU BANCO y los estoy tratando de contactar porque estoy recibiendo notificaciones de transferencias y retiros de una cuenta que no me pertenece y quiero pedirles que desvinculen mi número de celular de esa cuenta.  ,  Twitter for Android  ,https://www.twitter.com/LoMirandaSV/status/1359903553129754634 
 4,,  Lorena Miranda  ,LoMirandaSV,https://www.twitter.com/LoMirandaSV,  ID: 1359903134634696713  ,0,1,0,no,  2021-02-11 16:32:27  ,  @BACCredomaticSV Tambiénescribí al chat que aparece en su página web y les pedí que me brinden un número para hablar con algún agente de servicio al cliente y la respuesta del bot es que llene un formulario para dar a conocer mis quejas o sugerencias.  ,  Twitter for Android  ,https://www.twitter.com/LoMirandaSV/status/1359903134634696713 
 5,,  Montes Alex  ,MontesAlex3,https://www.twitter.com/MontesAlex3,  ID: 1359919820402212864  ,0,0,0,no,  2021-02-11 17:38:45  ,  @BACCredomaticSV Mienten  ,  Twitter for Android  ,https://www.twitter.com/MontesAlex3/status/1359919820402212864 
 6,,  Juan Diego Rivas  ,jdiegorivas,https://www.twitter.com/jdiegorivas,  ID: 1359936269195874309  ,0,0,0,no,  2021-02-11 18:44:07  ,  @BACCredomaticSV Cuidado con este banco! sus cajeros se traban y no te reintegran tu dinero completo! Luego dicen que te resuelven y a la fecha NO ME HAN RESUELTO! https://t.co/0ALQFQnhzM  ,  Twitter Web App  ,https://www.twitter.com/jdiegorivas/status/1359936269195874309 
 7,,Antonio,tonom6230,https://www.twitter.com/tonom6230,  ID: 1360358113900167170  ,0,0,0,no,  2021-02-12 22:40:23  ,  @BACCredomaticSV A lo que hemos llegado. Te prestan solo porque estas en el guevierno porque es una fuente segura de ingresos...??????  ,  Twitter for iPhone  ,https://www.twitter.com/tonom6230/status/1360358113900167170 
 8,,Olfop,orobrod,https://www.twitter.com/orobrod,  ID: 1362116311887851522  ,0,1,0,no,  2021-02-17 19:06:50  ,  @BACCredomaticSV Pero para la Fuerza Armada no aplicadeberían de poner esosolo le prestan a personas que cotizan a AFP's y Seguro Social. No es para todos los de primera línea  ,  Twitter for Android  ,https://www.twitter.com/orobrod/status/1362116311887851522 
 9,,  BAC El Salvador  ,BACCredomaticSV,https://www.twitter.com/BACCredomaticSV,  ID: 1362119444869361671  ,0,0,0,no,  2021-02-17 19:19:17  ,  @orobrod ¡Hola Olfop! Te comentamos que en BAC Credomatic tenemos diferentes promociones y ofertassi estás interesado en conocerlas puedes ingresar en el siguiente enlace https://t.co/RF5lapLeW8 para más información puedes escribirnos a nuestro WhatsApp al 7170-4222 ¡Saludos!  ,Sprinklr,https://www.twitter.com/BACCredomaticSV/status/1362119444869361671 
 2,,  Nelson Hernández  ,NlsnHrnndz,https://www.twitter.com/NlsnHrnndz,  ID: 1364005711131406337  ,0,1,0,no,  2021-02-23 00:14:38  ,  @BACCredomaticSV ¿Qué es esto? https://t.co/DyD4r9tSP2  ,  Twitter for Android  ,https://www.twitter.com/NlsnHrnndz/status/1364005711131406337 
 ,2-1,  Nelson Hernández  ,NlsnHrnndz,https://www.twitter.com/NlsnHrnndz,  ID: 1364380661482676224  ,0,0,0,no,  2021-02-24 01:04:33  ,  @BACCredomaticSV Si?  ,  Twitter Web App  ,https://www.twitter.com/NlsnHrnndz/status/1364380661482676224 
 3,,  BAC El Salvador  ,BACCredomaticSV,https://www.twitter.com/BACCredomaticSV,  ID: 1364208226384904200  ,0,1,0,no,  2021-02-23 13:39:21  ,  @NlsnHrnndz Buen día Estimado Nelsonhemos respondido en mensaje privadote deseamos ¡Feliz día!  ,Sprinklr,https://www.twitter.com/BACCredomaticSV/status/1364208226384904200 
 2,,Paula,PaulaF2019,https://www.twitter.com/PaulaF2019,  ID: 1364767777056305153  ,0,1,0,no,  2021-02-25 02:42:48  ,  @BACCredomaticSV Que difícil es comunicarse con ustedeshace  4 meses no puedo accesar a banca en línea. De repente me bloquearon mi contraseña.Por línea no me ayudanpor teléfono peor.Por what's Up lo más terrible. Que hago. Ni por Internet no me ayudan???  ,  Twitter for Android  ,https://www.twitter.com/PaulaF2019/status/1364767777056305153 
 3,,  BAC El Salvador  ,BACCredomaticSV,https://www.twitter.com/BACCredomaticSV,  ID: 1364935160400076808  ,0,0,0,no,  2021-02-25 13:47:56  ,  @PaulaF2019 Buen día estimada Paulapara nosotros es importante tu retroalimentaciónpara un mejor seguimiento te pedimos ampliarnos tu caso mediante DM y brindarnos tu nombre completocorreo electrónico y número de teléfono. Quedamos atentos.  ,Sprinklr,https://www.twitter.com/BACCredomaticSV/status/1364935160400076808 
 4,,  Alex Rosal  ,Alex_Rosal79,https://www.twitter.com/Alex_Rosal79,  ID: 1366139333137354760  ,0,1,0,no,  2021-02-28 21:32:53  ,  @BACCredomaticSV Gran timo que me ha hecho este banco.Me quieren cobrar dos veces la Totalidad de la Tarjetaladrones  ,  Twitter for Android  ,https://www.twitter.com/Alex_Rosal79/status/1366139333137354760 
 5,,  BAC El Salvador  ,BACCredomaticSV,https://www.twitter.com/BACCredomaticSV,  ID: 1366418563335139330  ,0,0,0,no,  2021-03-01 16:02:26  ,  @Alex_Rosal79 Buen día Alexpara nosotros es importante tu retroalimentaciónpara un mejor seguimiento te pedimos brindarnos mediante DM más detalles acerca de tu comentariotu nombre completocorreo electrónico y número de teléfono. Quedamos atentos.  ,Sprinklr,https://www.twitter.com/BACCredomaticSV/status/1366418563335139330 
 2,,  Brandon Pérez  ,brandonpsmt_,https://www.twitter.com/brandonpsmt_,  ID: 1366116824027443202  ,0,1,0,no,  2021-02-28 20:03:26  ,  @BACCredomaticSV Saludos. Tengo una consultapodrían enviarme un DM¿?  ,  Twitter Web App  ,https://www.twitter.com/brandonpsmt_/status/1366116824027443202 
 3,,  BAC El Salvador  ,BACCredomaticSV,https://www.twitter.com/BACCredomaticSV,  ID: 1366418381629513730  ,0,0,0,no,  2021-03-01 16:01:43  ,  @brandonpsmt_ Buen día Brandoncon mucho gusto puedes indicarnos mediante DM como podemos ayudarte. Quedamos atentos.  ,Sprinklr,https://www.twitter.com/BACCredomaticSV/status/1366418381629513730 
 2,,  Abilio Gil  ,GilAbilio,https://www.twitter.com/GilAbilio,  ID: 1369757198860103684  ,0,1,0,no,  2021-03-10 21:08:59  ,  @BACCredomaticSV De que sirve  si uds no proporcionan un buen servicio por sus distintos canalestengo una hora de solicitar ayuda y no obtengo respuesta. Solo me preguntan si tengo usuario en línea.  ,  Twitter for Android  ,https://www.twitter.com/GilAbilio/status/1369757198860103684 
 3,,  BAC El Salvador  ,BACCredomaticSV,https://www.twitter.com/BACCredomaticSV,  ID: 1369759964940668929  ,0,0,0,no,  2021-03-10 21:19:59  ,  @GilAbilio Buen día Abiliopara nosotros es importante tu retroalimentaciónpara un mejor seguimiento te pedimos brindarnos mediante DM que trámite deseas realizar con tu nombre completocorreo electrónico y número de teléfono. Quedamos atentos.  ,Sprinklr,https://www.twitter.com/BACCredomaticSV/status/1369759964940668929 
 2,,  Mejía Carlos  ,RaymundJC,https://www.twitter.com/RaymundJC,  ID: 1391270727207342080  ,0,0,0,no,  2021-05-09 05:56:04  ,  @BACCredomaticSV Me puede explicar un poco mas detallado lo de compras en cuotas.  ,  Twitter for Android  ,https://www.twitter.com/RaymundJC/status/1391270727207342080 
 2,,@mistiempos,mistiempos1,https://www.twitter.com/mistiempos1,  ID: 1379482716056477699  ,0,0,0,no,  2021-04-06 17:14:43  ,  @BACCredomaticSV Fui a la sucursal de usulutan a solicitar información de esta tarjeta pésimamente mal servicio al cliente la señorita de la entrada a que buscará el la bancaonline la información me mando  ,  Twitter for Android  ,https://www.twitter.com/mistiempos1/status/1379482716056477699 
 2,,  Secretaría de Prensa de la Presidencia  ,SecPrensaSV,https://www.twitter.com/SecPrensaSV,  ID: 1371859752976797697  ,0,1,11,no,  2021-03-16 16:23:47  ,  #NuevaSucursalApopa | La nueva agencia de @ANDASVen un centro comercial del municipio de Apopaacercará los servicios a la población mediante una atención personalizada y directa. https://t.co/oGJYrgwNOn  ,  Twitter for Android  ,https://www.twitter.com/SecPrensaSV/status/1371859752976797697 
 3,,  Secretaría de Prensa de la Presidencia  ,SecPrensaSV,https://www.twitter.com/SecPrensaSV,  ID: 1371860479593869316  ,0,1,16,no,  2021-03-16 16:26:40  ,  #NuevaSucursalApopa | En esta nueva oficina se inauguran dos ventanillas de atención al usuariopara proporcionar soluciones oportunas y mejora en los tiempos de respuesta con atención especializada en cada caso. https://t.co/yvCpoiaTcf  ,  Twitter for Android  ,https://www.twitter.com/SecPrensaSV/status/1371860479593869316 
 4,,  Secretaría de Prensa de la Presidencia  ,SecPrensaSV,https://www.twitter.com/SecPrensaSV,  ID: 1371860930041102341  ,0,1,10,no,  2021-03-16 16:28:28  ,  #NuevaSucursalApopa | A través de estas ventanillaslos usuarios también tendrán línea directa a un equipo de atención ubicado directamente en las oficinas de la presidencia de @ANDASV. https://t.co/vWHfRDPZ85  ,  Twitter for Android  ,https://www.twitter.com/SecPrensaSV/status/1371860930041102341 
 5,,  Secretaría de Prensa de la Presidencia  ,SecPrensaSV,https://www.twitter.com/SecPrensaSV,  ID: 1371869967528919040  ,4,1,14,no,  2021-03-16 17:04:23  ,  #NuevaSucursalApopa |     Estos esfuerzos son en cumplimiento de uno de los ejes principales de esta administración para la transformación de la instituciónenfocados en dar la mejor atención a todos los usuarios de la @ANDASV    presidente de @ANDASV@RuAleman. https://t.co/n1WYYYEkyK  ,  Twitter for Android  ,https://www.twitter.com/SecPrensaSV/status/1371869967528919040 
 6,,  Secretaría de Prensa de la Presidencia  ,SecPrensaSV,https://www.twitter.com/SecPrensaSV,  ID: 1371870668040589312  ,1,2,10,no,  2021-03-16 17:07:10  ,  #NuevaSucursalApopa | La nueva agencia de @ANDASV en el municipio de Apopa atenderá de lunes a viernesen horarios de 8:00 a. m. a 4:00 p. m. (sin cerrar al mediodía)y sábado de 8:00 a.m. a 12:00 m. https://t.co/jBufLfYHPH  ,  Twitter for Android  ,https://www.twitter.com/SecPrensaSV/status/1371870668040589312 
 7,,  Secretaría de Prensa de la Presidencia  ,SecPrensaSV,https://www.twitter.com/SecPrensaSV,  ID: 1371871244526747653  ,4,3,16,no,  2021-03-16 17:09:27  ,  #NuevaSucursalApopa | Durante la inauguración de la agencia de @ANDASVen Apopase realizó el lanzamiento del nuevo método de pago mediante Punto de Venta (POS por sus siglas en inglés)facilitando a los usuarios pagar con tarjetas de débito o crédito. https://t.co/pNKqx7gz2r  ,  Twitter for Android  ,https://www.twitter.com/SecPrensaSV/status/1371871244526747653 
 8,,  Secretaría de Prensa de la Presidencia  ,SecPrensaSV,https://www.twitter.com/SecPrensaSV,  ID: 1371872896583360513  ,4,1,15,no,  2021-03-16 17:16:01  ,  #NuevaSucursalApopa | La agencia de @ANDASV está ubica en el centro comerciallocales 83 - 84. Es la sucursal número 22 a nivel nacional. https://t.co/UGUXivFcKp  ,  Twitter for Android  ,https://www.twitter.com/SecPrensaSV/status/1371872896583360513 
 9,,  Secretaría de Prensa de la Presidencia  ,SecPrensaSV,https://www.twitter.com/SecPrensaSV,  ID: 1371874786633207808  ,6,1,19,no,  2021-03-16 17:23:31  ,  #NuevaSucursalApopa |     ANDA te escucha     y     ¿Por qué no tengo agua?    son las nuevas ventanillas en la agencia @ANDASV inauguradahoyen Apopa. https://t.co/injLTVFCQC  ,  Twitter for Android  ,https://www.twitter.com/SecPrensaSV/status/1371874786633207808 
 10,,  Secretaría de Prensa de la Presidencia  ,SecPrensaSV,https://www.twitter.com/SecPrensaSV,  ID: 1371875798697775104  ,2,1,15,no,  2021-03-16 17:27:33  ,  #NuevaSucursalApopa |     Junto al equipo de la gerencia comercial hemos tomado la disposición de trasladar la agencia Apopa a esta nueva localidadla cual cuenta con mejores instalaciones y una mejor ubicación en beneficio de nuestros usuarios    presidente de @ANDASV@RuAleman. https://t.co/xZGQdY47zW  ,  Twitter for Android  ,https://www.twitter.com/SecPrensaSV/status/1371875798697775104 
 11,,  Secretaría de Prensa de la Presidencia  ,SecPrensaSV,https://www.twitter.com/SecPrensaSV,  ID: 1371876422411689984  ,4,1,19,no,  2021-03-16 17:30:01  ,  #NuevaSucursalApopa |     Quiero agradecer a cada uno de los empleados a quienes reconozco su compromisosu entrega y el ánimo a seguir atendiendo a nuestros usuarios con sus tenis puestos    presidente de @ANDASV@RuAleman. https://t.co/Ky9OLByukP  ,  Twitter for Android  ,https://www.twitter.com/SecPrensaSV/status/1371876422411689984 
 12,,  Secretaría de Prensa de la Presidencia  ,SecPrensaSV,https://www.twitter.com/SecPrensaSV,  ID: 1371877550755082246  ,5,1,19,no,  2021-03-16 17:34:31  ,  #NuevaSucursalApopa | Con el corte de cinta simbólicoel presidente de @ANDASV@RuAlemanda por inaugurada la agencia ubicada en un centro comercial en Apopa. Posteriormente hizo un recorrido en la sucursal. https://t.co/p4EdZdaYXS  ,  Twitter for Android  ,https://www.twitter.com/SecPrensaSV/status/1371877550755082246 
 13,,  Secretaría de Prensa de la Presidencia  ,SecPrensaSV,https://www.twitter.com/SecPrensaSV,  ID: 1371881143558082562  ,0,1,15,no,  2021-03-16 17:48:47  ,  #NuevaSucursalApopa | La nueva agencia de @ANDASVen el municipio de Apopacuenta con mejores instalaciones y ubicación más accesible en beneficio de los usuarios. https://t.co/vTb2UQwc8H  ,  Twitter for Android  ,https://www.twitter.com/SecPrensaSV/status/1371881143558082562 
 14,,  Secretaría de Prensa de la Presidencia  ,SecPrensaSV,https://www.twitter.com/SecPrensaSV,  ID: 1371885643656273924  ,1,0,8,no,  2021-03-16 18:06:40  ,  #NuevaSucursalApopa | Las dos nuevas ventanillas de atención al usuario de la agencia de la @ANDASVen Apopapermitirá atención personalizada. https://t.co/8hdXNBcpI6  ,  Twitter for Android  ,https://www.twitter.com/SecPrensaSV/status/1371885643656273924 
 15,,  willian antoni cross  ,Crosswilliilian,https://www.twitter.com/Crosswilliilian,  ID: 1372110924623065090  ,0,0,0,no,  2021-03-17 09:01:51  ,  @SecPrensaSV @BACCredomaticSV @ANDASV Y en san José vista bella 2 calle a la Pedrera Apopa y cuando nos echaran el agua 3 semanas si el vital líquido ta tenemos un volcan de ropa sucia  ,  Twitter for Android  ,https://www.twitter.com/Crosswilliilian/status/1372110924623065090 
 16,,  Erick Alexander ////  ,ErickMenaale,https://www.twitter.com/ErickMenaale,  ID: 1372352177197481984  ,0,0,0,no,  2021-03-18 01:00:30  ,  @SecPrensaSV @BACCredomaticSV @ANDASV @BACCredomaticSV espero puedan responder al caso de @Herreralu08Cc. @Defensoria_910  ,  Twitter for Android  ,https://www.twitter.com/ErickMenaale/status/1372352177197481984 
 2,,  Erick Alexander ////  ,ErickMenaale,https://www.twitter.com/ErickMenaale,  ID: 1372351826364932097  ,0,0,0,no,  2021-03-18 00:59:07  ,  @BACCredomaticSV @BACCredomaticSV espero que puedan resolver rápido el caso de @Herreralu08Cc. @Defensoria_910 https://t.co/KQW2HeBLNO  ,  Twitter for Android  ,https://www.twitter.com/ErickMenaale/status/1372351826364932097 
 3,,  Tóxico ante la injusticia  ,Gpalencia2,https://www.twitter.com/Gpalencia2,  ID: 1375201668694953984  ,0,1,0,no,  2021-03-25 21:43:22  ,  @BACCredomaticSV Cerotes mierdasse pudriran en el infierno por HDP.  ,  Twitter Web App  ,https://www.twitter.com/Gpalencia2/status/1375201668694953984 
 ,3-1,  Tóxico ante la injusticia  ,Gpalencia2,https://www.twitter.com/Gpalencia2,  ID: 1375204586772959232  ,0,0,0,no,  2021-03-25 21:54:58  ,  @BACCredomaticSV Para qué putas si al final no devuelven nada. Banco mierda  ,  Twitter for Android  ,https://www.twitter.com/Gpalencia2/status/1375204586772959232 
 4,,  BAC El Salvador  ,BACCredomaticSV,https://www.twitter.com/BACCredomaticSV,  ID: 1375204370405490691  ,0,1,0,no,  2021-03-25 21:54:06  ,  @Gpalencia2 Buenas tardes Gpalencia2nos hemos contactado por DM para seguimiento a tu caso.  ,  PureSocial CX  ,https://www.twitter.com/BACCredomaticSV/status/1375204370405490691 
 2,,  Erick Alexander ////  ,ErickMenaale,https://www.twitter.com/ErickMenaale,  ID: 1372351093896839168  ,1,0,1,no,  2021-03-18 00:56:12  ,  @BACCredomaticSV @Herreralu08 @BACCredomaticSV @Defensoria_910A ver si resuelven rápido https://t.co/LQRiPabZIT  ,  Twitter for Android  ,https://www.twitter.com/ErickMenaale/status/1372351093896839168 
 3,,  Alejandro Valverde Fernandez  ,Alevf07,https://www.twitter.com/Alevf07,  ID: 1373053832549298178  ,0,0,0,no,  2021-03-19 23:28:38  ,  @BACCredomaticSV Muy buen video  ,  Twitter for iPhone  ,https://www.twitter.com/Alevf07/status/1373053832549298178 
 4,,Esportaverderona.,Sportaverderona,https://www.twitter.com/Sportaverderona,  ID: 1380025477591658500  ,0,1,1,no,  2021-04-08 05:11:28  ,  @BACCredomaticSV Uno quisiera pero los precios de algunos hoteles se pasan creen que estamos en Miami  ,  Twitter for iPhone  ,https://www.twitter.com/Sportaverderona/status/1380025477591658500 
 5,,  Mauricio ?  ,Bonilla74,https://www.twitter.com/Bonilla74,  ID: 1380082561041506305  ,0,0,0,no,  2021-04-08 08:58:17  ,  @BACCredomaticSV @LaLaCamposSV  ,  Twitter Web App  ,https://www.twitter.com/Bonilla74/status/1380082561041506305 
 6,,  BAC El Salvador  ,BACCredomaticSV,https://www.twitter.com/BACCredomaticSV,  ID: 1380144820350382083  ,0,1,0,no,  2021-04-08 13:05:41  ,  @E_vilR49 Buen díapara nosotros es importante tu retroalimentaciónpara un mejor seguimiento te pedimos brindarnos mediante DM que cobros posees en tu tarjeta con tu nombre completocorreo electrónico y número de teléfono. Quedamos atentos.  ,  PureSocial CX  ,https://www.twitter.com/BACCredomaticSV/status/1380144820350382083 
 7,,  Nick Pérez-García (HERPBiodiversity)  ,Nick_EsBio,https://www.twitter.com/Nick_EsBio,  ID: 1380244576032657412  ,0,1,0,no,  2021-04-08 19:42:05  ,  @BACCredomaticSV Ladrones! Ustedes me han cobrado por una compra que no hice  ,  Twitter for Android  ,https://www.twitter.com/Nick_EsBio/status/1380244576032657412 
 ,7-1,  Nick Pérez-García (HERPBiodiversity)  ,Nick_EsBio,https://www.twitter.com/Nick_EsBio,  ID: 1380245156125937666  ,0,0,0,no,  2021-04-08 19:44:23  ,  @BACCredomaticSV Es por gustoya hice el reclamo por medio de la banca en línea y mi solicitud fue rechazada. Son una desección!  ,  Twitter for Android  ,https://www.twitter.com/Nick_EsBio/status/1380245156125937666 
 8,,  BAC El Salvador  ,BACCredomaticSV,https://www.twitter.com/BACCredomaticSV,  ID: 1380244771805954049  ,0,1,0,no,  2021-04-08 19:42:51  ,  @Nick_EsBio Buen día Nicksi posees transacciones no reconocidas te invitamos a reportarla escribiéndonos a nuestro WhatsApp al 71704222. ¡Saludos!.  ,  PureSocial CX  ,https://www.twitter.com/BACCredomaticSV/status/1380244771805954049 
 9,,  Gerardo Hermenegildo Gonzáles  ,GerardoHermene7,https://www.twitter.com/GerardoHermene7,  ID: 1380630241450864646  ,0,0,0,no,  2021-04-09 21:14:35  ,  @BACCredomaticSV Ajá y socandole el buche al pueblo  ,  Twitter for Android  ,https://www.twitter.com/GerardoHermene7/status/1380630241450864646 
 10,,  Jimmy Rodriguez  ,JimmyCST,https://www.twitter.com/JimmyCST,  ID: 1380924165784489984  ,0,1,1,no,  2021-04-10 16:42:32  ,  @BACCredomaticSV @juanaco214  ,  Twitter for Android  ,https://www.twitter.com/JimmyCST/status/1380924165784489984 
 11,,  Will Rdz  ,juanaco214,https://www.twitter.com/juanaco214,  ID: 1381014619272138754  ,0,0,0,no,  2021-04-10 22:41:57  ,  @JimmyCST @BACCredomaticSV I'm applying next check!  ,  Twitter for Android  ,https://www.twitter.com/juanaco214/status/1381014619272138754 
 12,,  Hamilton Zuniga  ,Hamilto96375669,https://www.twitter.com/Hamilto96375669,  ID: 1381917785836650496  ,0,1,0,no,  2021-04-13 10:30:49  ,  @BACCredomaticSV Ladrones igual que la basura de la Asamblea legislativa.  ,  Twitter Web App  ,https://www.twitter.com/Hamilto96375669/status/1381917785836650496 
 13,,  Douglas Hernán sarco  ,SarcoHernan,https://www.twitter.com/SarcoHernan,  ID: 1381936054471647232  ,0,0,0,no,  2021-04-13 11:43:25  ,  @BACCredomaticSV Como puedo trabajar en turismo gob  ,  Twitter Web App  ,https://www.twitter.com/SarcoHernan/status/1381936054471647232 
 14,,  BAC El Salvador  ,BACCredomaticSV,https://www.twitter.com/BACCredomaticSV,  ID: 1381958665897345027  ,0,0,0,no,  2021-04-13 13:13:16  ,  @Hamilto96375669 Buen día Hamiltonpara nosotros es importante tu retroalimentaciónpara un mejor seguimiento te pedimos brindarnos mediante Dm que trámite deseas realizar con tu nombre completocorreo electrónico y número de teléfono. Quedamos atentos.  ,  PureSocial CX  ,https://www.twitter.com/BACCredomaticSV/status/1381958665897345027 
 15,,  THE MENTALIST ????  ,NoeCruz09818448,https://www.twitter.com/NoeCruz09818448,  ID: 1382430970926800899  ,0,1,0,no,  2021-04-14 20:30:02  ,  @BACCredomaticSV Son la mejor opción ????  ,  Twitter Web App  ,https://www.twitter.com/NoeCruz09818448/status/1382430970926800899 
 16,,  BAC El Salvador  ,BACCredomaticSV,https://www.twitter.com/BACCredomaticSV,  ID: 1382431970391560195  ,0,0,1,no,  2021-04-14 20:34:00  ,  @NoeCruz09818448 Buen día Noeagradecemos tu preferencia por nuestros productos y servicios. ¡Saludos!.  ,  PureSocial CX  ,https://www.twitter.com/BACCredomaticSV/status/1382431970391560195 
 17,,  Einar Palm  ,PalmEinar,https://www.twitter.com/PalmEinar,  ID: 1382894353295757316  ,0,0,1,no,  2021-04-16 03:11:21  ,  @Sportaverderona @BACCredomaticSV Hay más baratos en Miami... XD  ,  Twitter for Android  ,https://www.twitter.com/PalmEinar/status/1382894353295757316 
 2,,  Erick Alexander ////  ,ErickMenaale,https://www.twitter.com/ErickMenaale,  ID: 1372351511049670656  ,0,1,0,no,  2021-03-18 00:57:51  ,  @BACCredomaticSV @Defensoria_910 necesitamos de su ayuda para que se pueda resolver este inconveniente de parte del @BACCredomaticSV https://t.co/MweYQ1NzXf  ,  Twitter for Android  ,https://www.twitter.com/ErickMenaale/status/1372351511049670656 
 2,,  MOISES HIDALGO  ,HIDALGONEW,https://www.twitter.com/HIDALGONEW,  ID: 1390431053148475396  ,0,1,0,no,  2021-05-06 22:19:30  ,  @BACCredomaticSV No funciona es malo que hallan quitado el call Center  ,  Twitter for Android  ,https://www.twitter.com/HIDALGONEW/status/1390431053148475396 
 3,,  BAC El Salvador  ,BACCredomaticSV,https://www.twitter.com/BACCredomaticSV,  ID: 1390432541450981377  ,0,0,0,no,  2021-05-06 22:25:25  ,  @HIDALGONEW Buenas tardesagradecemos tus comentarios te invitamos a indicarnos por DM la ubicación de ATM.  ,  PureSocial CX  ,https://www.twitter.com/BACCredomaticSV/status/1390432541450981377 
 2,,  ALEXIS UES  ,ravichezz08,https://www.twitter.com/ravichezz08,  ID: 1387545062834425856  ,0,0,0,no,  2021-04-28 23:11:36  ,  @BACCredomaticSV Sinvergüenzas es lo que son  ,  Twitter for Android  ,https://www.twitter.com/ravichezz08/status/1387545062834425856 
 3,,  ALEXIS UES  ,ravichezz08,https://www.twitter.com/ravichezz08,  ID: 1387545375687446534  ,0,0,0,no,  2021-04-28 23:12:51  ,  @BACCredomaticSV Señores ustedes brindan información personal de sus clientes a otras entidades  ,  Twitter for Android  ,https://www.twitter.com/ravichezz08/status/1387545375687446534 
 4,,  ALEXIS UES  ,ravichezz08,https://www.twitter.com/ravichezz08,  ID: 1387545692642725888  ,0,0,0,no,  2021-04-28 23:14:07  ,  @BACCredomaticSV LADRONES ESO ES LO QUE SON  ,  Twitter for Android  ,https://www.twitter.com/ravichezz08/status/1387545692642725888 
 5,,  ALEXIS UES  ,ravichezz08,https://www.twitter.com/ravichezz08,  ID: 1387547295122612229  ,0,0,0,no,  2021-04-28 23:20:29  ,  @BACCredomaticSV Nos cobran un servicio que no contratamos ,lo cobran a la tarjeta como es posible que eso suceda  ,  Twitter for Android  ,https://www.twitter.com/ravichezz08/status/1387547295122612229 
 6,,  ALEXIS UES  ,ravichezz08,https://www.twitter.com/ravichezz08,  ID: 1387547848577794049  ,0,0,0,no,  2021-04-28 23:22:41  ,  @BACCredomaticSV Así tienen el descaro de pedir que la gente tenga sus ahorros con ustedes .... sinvergüenzas  ,  Twitter for Android  ,https://www.twitter.com/ravichezz08/status/1387547848577794049 
 2,,  Jorge Ávalos  ,Avalorama,https://www.twitter.com/Avalorama,  ID: 1346915183978016772  ,1,0,3,no,  2021-01-06 20:22:58  ,  @BACCredomaticSV Se me revuelve el estómago cada vez que veo la palabra GANA en un anuncio porque me recuerda al partido político.  ,  Twitter for Android  ,https://www.twitter.com/Avalorama/status/1346915183978016772 
 3,,  ?? ?? ??  ,JeannPin,https://www.twitter.com/JeannPin,  ID: 1346963083156217860  ,0,1,3,no,  2021-01-06 23:33:19  ,  @BACCredomaticSV A mi me da asco ?? ver q besa los zapatos chucosya más de una persona debió probarselos.  ,  Twitter for Android  ,https://www.twitter.com/JeannPin/status/1346963083156217860 
 4,,SaraviaMiranda,juersa1,https://www.twitter.com/juersa1,  ID: 1348311129420947458  ,0,2,1,no,  2021-01-10 16:49:58  ,  @BACCredomaticSV Nadie se pronuncia por el uso indigno de una mujercita.  ,  Twitter for Android  ,https://www.twitter.com/juersa1/status/1348311129420947458 
 5,,  MIRELLA CACERES  ,mirella_caceres,https://www.twitter.com/mirella_caceres,  ID: 1349007795694292992  ,0,1,0,no,  2021-01-12 14:58:16  ,  @BACCredomaticSV ¿Participa un cliente automáticamente con cada compra o hay que inscribirse?  ,  Twitter for Android  ,https://www.twitter.com/mirella_caceres/status/1349007795694292992 
 ,5-1,  MIRELLA CACERES  ,mirella_caceres,https://www.twitter.com/mirella_caceres,  ID: 1349077394401976327  ,0,0,0,no,  2021-01-12 19:34:50  ,  @BACCredomaticSV Gracias  ,  Twitter for Android  ,https://www.twitter.com/mirella_caceres/status/1349077394401976327 
 6,,  BAC El Salvador  ,BACCredomaticSV,https://www.twitter.com/BACCredomaticSV,  ID: 1349058934364131334  ,0,1,0,no,  2021-01-12 18:21:28  ,  @mirella_caceres Buen día Mirellaparticipas automáticamentepara más detalles te invitamos a ingresar al siguiente enlace https://t.co/EBXxQOgSm8 ¡Saludos!.  ,Sprinklr,https://www.twitter.com/BACCredomaticSV/status/1349058934364131334 
 7,,  juan carlos  ,carlosky44,https://www.twitter.com/carlosky44,  ID: 1349319640678334464  ,0,1,0,no,  2021-01-13 11:37:26  ,  @BACCredomaticSV Lo más mierda en Bancos este es 1 de ellos Ladrones  ,  Twitter for Android  ,https://www.twitter.com/carlosky44/status/1349319640678334464 
 8,,  BAC El Salvador  ,BACCredomaticSV,https://www.twitter.com/BACCredomaticSV,  ID: 1349342877533540352  ,0,0,0,no,  2021-01-13 13:09:46  ,  @carlosky44 Buen día Juan Carloste invitamos a brindarnos más detalles de tu caso por DMtu nombre completoDUIcorreo y celular.  ,Sprinklr,https://www.twitter.com/BACCredomaticSV/status/1349342877533540352 
 9,,Ely,dorelipin,https://www.twitter.com/dorelipin,  ID: 1349424219290038272  ,0,0,0,no,  2021-01-13 18:32:59  ,  @BACCredomaticSV Adonde queda este Condominio?  ,  Twitter for Android  ,https://www.twitter.com/dorelipin/status/1349424219290038272 
 10,,  Máx León  ,Poresosnunca,https://www.twitter.com/Poresosnunca,  ID: 1349656065349197826  ,0,0,0,no,  2021-01-14 09:54:16  ,  @BACCredomaticSV Los usureros no regalan NADA!  ,  Twitter for Android  ,https://www.twitter.com/Poresosnunca/status/1349656065349197826 
 11,,  Ligia Guzman  ,GuzmanLigia,https://www.twitter.com/GuzmanLigia,  ID: 1349696947028955136  ,0,1,1,no,  2021-01-14 12:36:42  ,  @BACCredomaticSV Un poco sexista el anunciono me gusta que degraden a una mujer.  ,  Twitter for Android  ,https://www.twitter.com/GuzmanLigia/status/1349696947028955136 
 ,11-1,  Patricia Retana  ,patyretanac,https://www.twitter.com/patyretanac,  ID: 1351226018820980737  ,0,0,1,no,  2021-01-18 17:52:42  ,  @GuzmanLigia @evelyndesol @BACCredomaticSV La idea es solo dar a entender que si compras con tu tarjetatenes más chances de ganar el apartamentotan sencillo como eso. Tu percepción es respetablepero también exagerada. Pero en fincada quien pues.  ,  Twitter for Android  ,https://www.twitter.com/patyretanac/status/1351226018820980737 
 ,11-2,  Ligia Guzman  ,GuzmanLigia,https://www.twitter.com/GuzmanLigia,  ID: 1350949482939240448  ,0,1,0,no,  2021-01-17 23:33:50  ,  @evelyndesol @BACCredomaticSV En ningún momento expresé que no estoy orgullosa de ser mujerme refiero a la propaganda que utiliza a la mujer como instrumento comercial y dejarla como falta de intelecto.  ,  Twitter for Android  ,https://www.twitter.com/GuzmanLigia/status/1350949482939240448 
 ,11-3,  Patricia Retana  ,patyretanac,https://www.twitter.com/patyretanac,  ID: 1351139211307581440  ,0,1,1,no,  2021-01-18 12:07:45  ,  @GuzmanLigia @evelyndesol @BACCredomaticSV No la degradansolamente ve un par de zapatos que le gustan y ya. A todas nos ha pasado alguna vez que nos gusta algún par de zapatosropacarterasy eso no es degradantetampoco falta de intelecto o algo. Es tan sencillo como que te guste algo a primera vistao sea.  ,  Twitter for Android  ,https://www.twitter.com/patyretanac/status/1351139211307581440 
 ,11-4,  Ligia Guzman  ,GuzmanLigia,https://www.twitter.com/GuzmanLigia,  ID: 1351144607497805826  ,0,1,0,no,  2021-01-18 12:29:12  ,  @patyretanac @evelyndesol @BACCredomaticSV Y entonces con que motivo aparece un hombre al fondo?  Y parece ser que la idea que quieren dar es que es una mujer boba.. Esa es mi percepción.  ,  Twitter for Android  ,https://www.twitter.com/GuzmanLigia/status/1351144607497805826 
 12,,  Monika Viktorie  ,momoviki,https://www.twitter.com/momoviki,  ID: 1350546583545376773  ,0,0,0,no,  2021-01-16 20:52:52  ,  @juersa1 @BACCredomaticSV En q manera  ,  Twitter for Android  ,https://www.twitter.com/momoviki/status/1350546583545376773 
 13,,  Evelyn de Sol  ,evelyndesol,https://www.twitter.com/evelyndesol,  ID: 1350576563562172417  ,0,1,0,no,  2021-01-16 22:51:59  ,  @GuzmanLigia @BACCredomaticSV OMG!!! Yo SÍ estoy súper orgullosa de pertenecer al sexo femenino!!!! Jamás quisiera ser hombre!!!! ni siquiera por una ínfima partícula de segundo del tiempo que tuve y tendré aúnde mi vida!!!  Triste leer comentarios tan..... OMG!!!  ,  Twitter for Android  ,https://www.twitter.com/evelyndesol/status/1350576563562172417 
 14,,  Evelyn de Sol  ,evelyndesol,https://www.twitter.com/evelyndesol,  ID: 1350577389118648322  ,0,0,1,no,  2021-01-16 22:55:16  ,  @JeannPin @BACCredomaticSV Esto sí hace sentidoporque síquién sabe cuánta gente los habrá tocado con las manos con Covid jajaja. Poco recomendable besar zapatos o cualquier cosa que vayamos a comprar  ,  Twitter for Android  ,https://www.twitter.com/evelyndesol/status/1350577389118648322 
 2,,rosendoernestocamposgarcia591@gmail.com,rosendoernest15,https://www.twitter.com/rosendoernest15,  ID: 1348713714116124684  ,0,1,0,no,  2021-01-11 19:29:41  ,  @BACCredomaticSV Hola muy buenas tardes mi nombre es Rosendo Ernesto campos García una pregunta como puedo recuperar mi número de usuario de mi banca en línea que lo perdí me lo pueden proporcionar de nuevo xfavor si son amables por este medio  ,  Twitter for Android  ,https://www.twitter.com/rosendoernest15/status/1348713714116124684 
 ,2-1,rosendoernestocamposgarcia591@gmail.com,rosendoernest15,https://www.twitter.com/rosendoernest15,  ID: 1348737561326473221  ,0,1,0,no,  2021-01-11 21:04:27  ,  @BACCredomaticSV Ok y para aser uso del ahorro programado como puedo aser para ahorrar  ,  Twitter for Android  ,https://www.twitter.com/rosendoernest15/status/1348737561326473221 
 ,2-2,  BAC El Salvador  ,BACCredomaticSV,https://www.twitter.com/BACCredomaticSV,  ID: 1348739165312135168  ,0,0,0,no,  2021-01-11 21:10:50  ,  @rosendoernest15 Buen día Rosendote invitamos a conocer más información y los detalles de nuestra cuenta de Ahorro Programado en el siguiente enlace: https://t.co/14tXsiVmA9 ¡Saludos!  ,Sprinklr,https://www.twitter.com/BACCredomaticSV/status/1348739165312135168 
 3,,  BAC El Salvador  ,BACCredomaticSV,https://www.twitter.com/BACCredomaticSV,  ID: 1348716613005144073  ,0,1,0,no,  2021-01-11 19:41:13  ,  @rosendoernest15 Buenas tardes estimado Rosendocon mucho gusto te compartimos el siguiente enlacedonde podrás realizar el proceso de recuperación de tu usuario https://t.co/Z4SUBLJ8CB ¡Saludos!  ,Sprinklr,https://www.twitter.com/BACCredomaticSV/status/1348716613005144073 
 2,,  Juan Diego Rivas  ,jdiegorivas,https://www.twitter.com/jdiegorivas,  ID: 1356998200696205314  ,0,0,1,no,  2021-02-03 16:09:17  ,  @BACCredomaticSV Adivinen quién sigue esperando que le resuelvan una situación que se ha dado por la misma inoperancia del banco? Cuidado con sus cajeros! se traban y el banco no devuelve tu dinero... al parecer no tienen registros de log ni tampoco hacen arqueos...     cuánta seguridad     ??  ,  Twitter Web App  ,https://www.twitter.com/jdiegorivas/status/1356998200696205314 
 2,,Chelitho,Chelitho94,https://www.twitter.com/Chelitho94,  ID: 1394393783727501315  ,0,1,1,no,  2021-05-17 20:45:59  ,  @BACCredomaticSV Y los amados puntos milla que me iban a dar por el cargo automático de @movistar_sv veo que son mentiras https://t.co/zzLLKRzVVj  ,  Twitter for Android  ,https://www.twitter.com/Chelitho94/status/1394393783727501315 
 ,2-1,Chelitho,Chelitho94,https://www.twitter.com/Chelitho94,  ID: 1394513998465359875  ,0,1,0,no,  2021-05-18 04:43:40  ,  @BACCredomaticSV Muchas gracias ya se soluciono ya me lo cobraron gracias @BACCredomaticSV  ,  Twitter for Android  ,https://www.twitter.com/Chelitho94/status/1394513998465359875 
 ,2-2,  BAC El Salvador  ,BACCredomaticSV,https://www.twitter.com/BACCredomaticSV,  ID: 1394635728210911232  ,0,0,1,no,  2021-05-18 12:47:23  ,  @Chelitho94 Buen día estimadoagradecemos tus comentarios. ¡Feliz día!  ,  PureSocial CX  ,https://www.twitter.com/BACCredomaticSV/status/1394635728210911232 
 3,,  BAC El Salvador  ,BACCredomaticSV,https://www.twitter.com/BACCredomaticSV,  ID: 1394394330496782336  ,0,1,1,no,  2021-05-17 20:48:09  ,  @Chelitho94 Buen díaen este caso para poder validar en sistema te recomendamos escribirnos a nuestro WhatsApp al 7170-4222 para poder validar con gusto uno de nuestros ejecutivos te ayudará. ¡Saludos!  ,  PureSocial CX  ,https://www.twitter.com/BACCredomaticSV/status/1394394330496782336 
 4,,  BAC El Salvador  ,BACCredomaticSV,https://www.twitter.com/BACCredomaticSV,  ID: 1395090612643188736  ,0,0,1,no,  2021-05-19 18:54:56  ,  @melvinjaco Buen día Melvin te invitamos a brindarnos más detalles de tu caso por DMtu nombre completoDUIcorreo y celular.  ,  PureSocial CX  ,https://www.twitter.com/BACCredomaticSV/status/1395090612643188736 
 2,,kenneth,kenneth53080976,https://www.twitter.com/kenneth53080976,  ID: 1395881890050187270  ,0,0,0,no,  2021-05-21 23:19:11  ,  @BACCredomaticSV @BACCredomaticSV hagan algo nos llaman sus clientes nuestro número es 506 22064000 y nos pasan llamadas del BAC todos los días! Hagan algo por favor  ,  Twitter for iPhone  ,https://www.twitter.com/kenneth53080976/status/1395881890050187270 
 2,,  Fernando Figo  ,FernandoFigo5,https://www.twitter.com/FernandoFigo5,  ID: 1391831635641896965  ,0,0,0,no,  2021-05-10 19:04:55  ,  @BACCredomaticSV PRECIOSA madre  ,  Twitter for Android  ,https://www.twitter.com/FernandoFigo5/status/1391831635641896965 
 3,,  La Injusticia Del BAC  ,InjusticiaBac,https://www.twitter.com/InjusticiaBac,  ID: 1391835141610352640  ,1,0,1,no,  2021-05-10 19:18:51  ,  @BACCredomaticSV Porque no sacan a la luz los miles de dolares que les robaron??Porque despidieron a muchas personas sin pruebas?Indemniselas.@TrabajoSV  ,  Twitter for Android  ,https://www.twitter.com/InjusticiaBac/status/1391835141610352640 
 4,,migueleño,luandiasm,https://www.twitter.com/luandiasm,  ID: 1391956476261027840  ,0,0,0,no,  2021-05-11 03:20:59  ,  @BACCredomaticSV Ladronesde lo que le roban a la gente.  ,  Twitter for Android  ,https://www.twitter.com/luandiasm/status/1391956476261027840 
 5,,  Javier Anaya  ,JavierA54703433,https://www.twitter.com/JavierA54703433,  ID: 1391968483169218564  ,0,0,0,no,  2021-05-11 04:08:42  ,  @BACCredomaticSV LES INVITO A APOYAR A ESTA BELLA SEÑORA SALVADOREÑA QUE EN SU CANAL HACE RICAS RECETAS SALVADOREÑAS. ME ENCANTA SU CANAL DE YOUTUBETU PUEDES SER UNO QUE LA APOYA AL VER SUS VIDEOS ??  https://t.co/d4AIfbvfgt  ,  Twitter for Android  ,https://www.twitter.com/JavierA54703433/status/1391968483169218564 
 6,,  Cristobal Ramirez A  ,Cristob24445268,https://www.twitter.com/Cristob24445268,  ID: 1392127738442625025  ,0,0,0,no,  2021-05-11 14:41:31  ,  @BACCredomaticSV Viv ykmllnii.jmhkhknklmkuykkkiliklkklikllmklklknkji9j io9looopoyyyl?mll.sscgvfw  wtLooommohuoio9p9p99  ,  Twitter for Android  ,https://www.twitter.com/Cristob24445268/status/1392127738442625025 
 7,,barreragonzaloernesto@gmail.com,barreragonzalo4,https://www.twitter.com/barreragonzalo4,  ID: 1392333088991154177  ,0,1,0,no,  2021-05-12 04:17:31  ,  @BACCredomaticSV Y como daran a conocer a los ganadores  ,  Twitter for Android  ,https://www.twitter.com/barreragonzalo4/status/1392333088991154177 
 2,,  ALEXIS UES  ,ravichezz08,https://www.twitter.com/ravichezz08,  ID: 1387545062834425856  ,0,0,0,no,  2021-04-28 23:11:36  ,  @BACCredomaticSV Sinvergüenzas es lo que son  ,  Twitter for Android  ,https://www.twitter.com/ravichezz08/status/1387545062834425856 
 3,,  ALEXIS UES  ,ravichezz08,https://www.twitter.com/ravichezz08,  ID: 1387545375687446534  ,0,0,0,no,  2021-04-28 23:12:51  ,  @BACCredomaticSV Señores ustedes brindan información personal de sus clientes a otras entidades  ,  Twitter for Android  ,https://www.twitter.com/ravichezz08/status/1387545375687446534 
 4,,  ALEXIS UES  ,ravichezz08,https://www.twitter.com/ravichezz08,  ID: 1387545692642725888  ,0,0,0,no,  2021-04-28 23:14:07  ,  @BACCredomaticSV LADRONES ESO ES LO QUE SON  ,  Twitter for Android  ,https://www.twitter.com/ravichezz08/status/1387545692642725888 
 5,,  ALEXIS UES  ,ravichezz08,https://www.twitter.com/ravichezz08,  ID: 1387547295122612229  ,0,0,0,no,  2021-04-28 23:20:29  ,  @BACCredomaticSV Nos cobran un servicio que no contratamos ,lo cobran a la tarjeta como es posible que eso suceda  ,  Twitter for Android  ,https://www.twitter.com/ravichezz08/status/1387547295122612229 
 6,,  ALEXIS UES  ,ravichezz08,https://www.twitter.com/ravichezz08,  ID: 1387547848577794049  ,0,0,0,no,  2021-04-28 23:22:41  ,  @BACCredomaticSV Así tienen el descaro de pedir que la gente tenga sus ahorros con ustedes .... sinvergüenzas  ,  Twitter for Android  ,https://www.twitter.com/ravichezz08/status/1387547848577794049 
 2,,  Gilberto Alonso  ,Gilbert11303200,https://www.twitter.com/Gilbert11303200,  ID: 1352393002749210632  ,0,0,1,no,  2021-01-21 23:09:52  ,  @BACCredomaticSV ????  ,  Twitter for Android  ,https://www.twitter.com/Gilbert11303200/status/1352393002749210632 
 3,,???z???D®????©?,_azodrac,https://www.twitter.com/_azodrac,  ID: 1354683702698270721  ,0,0,1,no,  2021-01-28 06:52:18  ,  @BACCredomaticSV ????  ,  Twitter for Android  ,https://www.twitter.com/_azodrac/status/1354683702698270721 
 4,,???z???D®????©?,_azodrac,https://www.twitter.com/_azodrac,  ID: 1355401555990736897  ,0,1,0,no,  2021-01-30 06:24:47  ,  @BACCredomaticSV Quien gano  ,  Twitter for Android  ,https://www.twitter.com/_azodrac/status/1355401555990736897 
 5,,  BAC El Salvador  ,BACCredomaticSV,https://www.twitter.com/BACCredomaticSV,  ID: 1355520762766045186  ,0,0,0,no,  2021-01-30 14:18:28  ,  @_azodrac Buen díacon gusto puedes conocer a nuestro ganador en nuestro Facebook. ¡Saludos!.  ,Sprinklr,https://www.twitter.com/BACCredomaticSV/status/1355520762766045186 
 6,,DERMOCLINIKA,dermoclinika,https://www.twitter.com/dermoclinika,  ID: 1357391936152248320  ,0,1,0,no,  2021-02-04 18:13:51  ,  @BACCredomaticSV Quien ganó el apartamento?  ,  Twitter Web App  ,https://www.twitter.com/dermoclinika/status/1357391936152248320 
 7,,  BAC El Salvador  ,BACCredomaticSV,https://www.twitter.com/BACCredomaticSV,  ID: 1357396302829658112  ,0,0,0,no,  2021-02-04 18:31:12  ,  @dermoclinika Buenas tardes Dermoclinikacon gusto te invitamos a visitar nuestra página de Facebook donde se público al ganador del sorteo. ¡Saludos!.  ,Sprinklr,https://www.twitter.com/BACCredomaticSV/status/1357396302829658112 
 2,,  JC sandoval  ,JCSANH,https://www.twitter.com/JCSANH,  ID: 1395599276043079681  ,0,1,0,no,  2021-05-21 04:36:11  ,  @BACCredomaticSV Hola necesito saber que es lo que me descuentan con el nombre valor tarjeta titular siempre cada mes reviso estado de cuentas y a veces no hago transacción y siempre me parece ese cobre y no se por q  ,  Twitter for iPhone  ,https://www.twitter.com/JCSANH/status/1395599276043079681 
 3,,  BAC El Salvador  ,BACCredomaticSV,https://www.twitter.com/BACCredomaticSV,  ID: 1395726422476419079  ,0,0,0,no,  2021-05-21 13:01:25  ,  @JCSANH Buen día estimadopara más detalles puedes escribirnos mediante DM para poder ayudarte de la mejor manera. Quedamos atentos.  ,  PureSocial CX  ,https://www.twitter.com/BACCredomaticSV/status/1395726422476419079 
 2,,Jorge14,Jorge1462196629,https://www.twitter.com/Jorge1462196629,  ID: 1397142518035357697  ,0,2,0,no,  2021-05-25 10:48:28  ,  @BACCredomaticSV Requisitos para una tarjeta de crédito con ustedes?  ,  Twitter for Android  ,https://www.twitter.com/Jorge1462196629/status/1397142518035357697 
 3,,  BAC El Salvador  ,BACCredomaticSV,https://www.twitter.com/BACCredomaticSV,  ID: 1397175218892722179  ,0,0,1,no,  2021-05-25 12:58:25  ,  @Jorge1462196629 Buen día Jorgecon gusto te invitamos a conocer beneficios y requisitos de nuestra amplia gama de tarjetas de crédito en el siguiente enlace https://t.co/u5oCiTPKrr  ,  PureSocial CX  ,https://www.twitter.com/BACCredomaticSV/status/1397175218892722179 
 4,,  Eve Ore  ,eve_orellana5,https://www.twitter.com/eve_orellana5,  ID: 1398154518890696708  ,0,1,0,no,  2021-05-28 05:49:48  ,  @BACCredomaticSV Excelente!  ,  Twitter for iPhone  ,https://www.twitter.com/eve_orellana5/status/1398154518890696708 
 5,,  BAC El Salvador  ,BACCredomaticSV,https://www.twitter.com/BACCredomaticSV,  ID: 1398262183209832449  ,0,0,0,no,  2021-05-28 12:57:37  ,  @eve_orellana5 Buen día Eveagradecemos tus comentarios te invitamos mantenerte atenta a nuestras promociones. ¡Saludos!  ,  PureSocial CX  ,https://www.twitter.com/BACCredomaticSV/status/1398262183209832449 
 2,,  Roberto Montoya  ,RSenjuMontoya,https://www.twitter.com/RSenjuMontoya,  ID: 1395864326859280384  ,0,1,0,no,  2021-05-21 22:09:24  ,  @BACCredomaticSV Definitivamente no recomiendo adquirir tarjeta con ustedesla primera vez que tengo una y que mala experienciapublicidad engañosale mienten al cliente con beneficios que jamas otorgan!  ,  Twitter for Android  ,https://www.twitter.com/RSenjuMontoya/status/1395864326859280384 
 3,,  BAC El Salvador  ,BACCredomaticSV,https://www.twitter.com/BACCredomaticSV,  ID: 1395865224238960641  ,0,0,0,no,  2021-05-21 22:12:58  ,  @RSenjuMontoya Buen día @RSenjuMontoya  te invitamos a brindarnos más detalles de tu caso por DMtu nombre completoDUIcorreo y celular.  ,  PureSocial CX  ,https://www.twitter.com/BACCredomaticSV/status/1395865224238960641 
 2,,  Ismael Vides Mangandi  ,IsmaelVidesMan8,https://www.twitter.com/IsmaelVidesMan8,  ID: 1353127345884946433  ,0,1,0,no,  2021-01-23 23:47:53  ,  @BACCredomaticSV Estoy interesado  ,  Twitter for Android  ,https://www.twitter.com/IsmaelVidesMan8/status/1353127345884946433 
 3,,  Carlos Fajardo  ,carlosf6750,https://www.twitter.com/carlosf6750,  ID: 1353365272888029185  ,0,0,0,no,  2021-01-24 15:33:20  ,  @BACCredomaticSV Buenas ofertas  ,  Twitter for Android  ,https://www.twitter.com/carlosf6750/status/1353365272888029185 
 4,,Xaxii,Xaxii29043590,https://www.twitter.com/Xaxii29043590,  ID: 1353501042424557568  ,2,2,6,no,  2021-01-25 00:32:50  ,  @BACCredomaticSV Nombre son bien injusto tanto el gobierno como sector privado a sufrido esta pandemia y sector privados que es el que menos gana necesita de ayuda para consolidar deudas y es a los que más le cobran #igualdadparatodos @Defensoria_910  @nayibbukele  ,  Twitter for Android  ,https://www.twitter.com/Xaxii29043590/status/1353501042424557568 
 5,,  Tony Mendoza  ,TonyMen94162025,https://www.twitter.com/TonyMen94162025,  ID: 1353618005675139073  ,1,1,2,no,  2021-01-25 08:17:36  ,  @BACCredomaticSV El empleado privado no cuenta para los bancos  ,  Twitter for Android  ,https://www.twitter.com/TonyMen94162025/status/1353618005675139073 
 6,,Yael,YaEl_Trejos,https://www.twitter.com/YaEl_Trejos,  ID: 1353688301744611330  ,1,6,16,no,  2021-01-25 12:56:56  ,  @BACCredomaticSV Descriminacion al sector privado? Claro que lo es. Todos los que tenemos empleos y deseamos tener acceso no lo tenemos debido a políticas de los bancos. Los préstamos se deberían de basar en el historial laboral y crediticio no en políticas arcaicas.  ,  Twitter for iPhone  ,https://www.twitter.com/YaEl_Trejos/status/1353688301744611330 
 7,,  BAC El Salvador  ,BACCredomaticSV,https://www.twitter.com/BACCredomaticSV,  ID: 1353693518309502977  ,0,0,1,no,  2021-01-25 13:17:39  ,  @IsmaelVidesMan8 Buen día estimado Ismaelcon mucho gusto compartimos el siguiente enlace  para créditos de Gobierno   https://t.co/ufZOQY7oNZRestricciones aplican consulta condiciones en: https://t.co/X2jL3VKRO7¡Saludos!  ,Sprinklr,https://www.twitter.com/BACCredomaticSV/status/1353693518309502977 
 8,,  BAC El Salvador  ,BACCredomaticSV,https://www.twitter.com/BACCredomaticSV,  ID: 1353710599738433538  ,0,0,0,no,  2021-01-25 14:25:32  ,  @Rico_Mejia0206 Buen día estimadopara nosotros es importante tu retroalimentaciónpara un mejor seguimiento te pedimos brindarnos mediante DM que trámite deseas realizar con tu nombre completocorreo electrónicoDUI y número de teléfono. Quedamos atentos.  ,Sprinklr,https://www.twitter.com/BACCredomaticSV/status/1353710599738433538 
 9,,@Sam,Sanmh777,https://www.twitter.com/Sanmh777,  ID: 1353723769697800193  ,0,0,0,no,  2021-01-25 15:17:52  ,  @BACCredomaticSV Dejen el número para contactar  ,  Twitter for Android  ,https://www.twitter.com/Sanmh777/status/1353723769697800193 
 10,,Ernest,ernestquinteros,https://www.twitter.com/ernestquinteros,  ID: 1353767829846241280  ,0,1,0,no,  2021-01-25 18:12:57  ,  @BACCredomaticSV Y ami?  ,  Twitter for Android  ,https://www.twitter.com/ernestquinteros/status/1353767829846241280 
 11,,  Edwin Laínez  ,EdwinLanez2,https://www.twitter.com/EdwinLanez2,  ID: 1353776355423506432  ,1,1,1,no,  2021-01-25 18:46:49  ,  @BACCredomaticSV Una verdadera lastimaporque al que mejor gana es al que más beneficios le dany el empleado privado no les importa a ustedes cómo institución  ,  Twitter for Android  ,https://www.twitter.com/EdwinLanez2/status/1353776355423506432 
 12,,  BAC El Salvador  ,BACCredomaticSV,https://www.twitter.com/BACCredomaticSV,  ID: 1353787232784687111  ,0,0,0,no,  2021-01-25 19:30:03  ,  @ernestquinteros Buen día estimado Ernestcon mucho gusto compartimos el siguiente enlace  para créditos de Gobierno   https://t.co/ufZOQY7oNZRestricciones aplican consulta condiciones en: https://t.co/X2jL3VKRO7¡Saludos!  ,Sprinklr,https://www.twitter.com/BACCredomaticSV/status/1353787232784687111 
 13,,  Alexander Vladimir Amaya Pereira  ,AlexanderVla,https://www.twitter.com/AlexanderVla,  ID: 1353849313877782528  ,0,1,3,no,  2021-01-25 23:36:44  ,  @BACCredomaticSV Lo siento según sus normas no aplico y soy empleado público en los meses atrás lo quise hacer y un empleado o robot no se me dijo que debía de tener más ingresos para el monto que necesitaba  ,  Twitter for iPhone  ,https://www.twitter.com/AlexanderVla/status/1353849313877782528 
 ,13-1,  Alexander Vladimir Amaya Pereira  ,AlexanderVla,https://www.twitter.com/AlexanderVla,  ID: 1354124174017626113  ,0,1,0,no,  2021-01-26 17:48:56  ,  @BACCredomaticSV No creo me puedan solucionar ya leí los requisitos y creo que no aplico. Ya en diciembre les escribí por DM para el préstamo que necesito  ganar 1500 al mes según sus cuotas y la cantidad que necesito es por ello que no puedo aceptar.  ,  Twitter for iPhone  ,https://www.twitter.com/AlexanderVla/status/1354124174017626113 
 ,13-2,  Alexander Vladimir Amaya Pereira  ,AlexanderVla,https://www.twitter.com/AlexanderVla,  ID: 1354124839540436993  ,0,0,0,no,  2021-01-26 17:51:34  ,  @BACCredomaticSV Lo más seguro es que me digan que por el momento no tienen una oferta disponible  ,  Twitter for iPhone  ,https://www.twitter.com/AlexanderVla/status/1354124839540436993 
 ,13-3,  BAC El Salvador  ,BACCredomaticSV,https://www.twitter.com/BACCredomaticSV,  ID: 1354124609822535684  ,0,2,0,no,  2021-01-26 17:50:40  ,  @AlexanderVla Buen día Alexander hemos recibido tus datos ya se encuentra en seguimiento. Quedamos atentos.  ,Sprinklr,https://www.twitter.com/BACCredomaticSV/status/1354124609822535684 
 14,,  BAC El Salvador  ,BACCredomaticSV,https://www.twitter.com/BACCredomaticSV,  ID: 1353854581202149378  ,0,0,1,no,  2021-01-25 23:57:40  ,  @Xaxii29043590 ¡Hola Xaxii! Te comentamos que en BAC Credomatic tenemos diferentes promociones y ofertassi estás interesado en conocerlas puedes enviarnos por favor un DM con tu información para que juntos busquemos la mejor propuesta para ti. Quedamos atentos.  ,Sprinklr,https://www.twitter.com/BACCredomaticSV/status/1353854581202149378 
 15,,  BAC El Salvador  ,BACCredomaticSV,https://www.twitter.com/BACCredomaticSV,  ID: 1353855551596351488  ,0,0,1,no,  2021-01-26 00:01:31  ,  @TonyMen94162025 Estimado Tonycontamos con diferentes promociones y ofertaste invitamos a conocerlas enviándonos un DM con tu información para ponernos en contacto contigo y buscar juntos la mejor propuesta.  ,Sprinklr,https://www.twitter.com/BACCredomaticSV/status/1353855551596351488 
 16,,  BAC El Salvador  ,BACCredomaticSV,https://www.twitter.com/BACCredomaticSV,  ID: 1353856537337475075  ,0,0,2,no,  2021-01-26 00:05:26  ,  @YaEl_Trejos ¡Hola YaEl_Trejos! Con mucho gusto te comentamos que en BAC Credomatic tenemos diferentes promociones y ofertassi estás interesado en conocerlas te motivamos a escribirnos un DM con tu información para que juntos busquemos la mejor propuesta para ti.  ,Sprinklr,https://www.twitter.com/BACCredomaticSV/status/1353856537337475075 
 17,,  BAC El Salvador  ,BACCredomaticSV,https://www.twitter.com/BACCredomaticSV,  ID: 1353858647407943683  ,0,0,0,no,  2021-01-26 00:13:49  ,  @EdwinLanez2 Estimado Edwinte comentamos que contamos con diferentes promociones y ofertassi estás interesado en conocerlas escríbenos un DM con tu información para contactarte o si lo deseas puedes conocer nuestros créditos disponibles en el siguiente enlace: https://t.co/rtyvWyFlEa  ,Sprinklr,https://www.twitter.com/BACCredomaticSV/status/1353858647407943683 
 18,,  Espíritu Azul E.S  ,Gloomy000001,https://www.twitter.com/Gloomy000001,  ID: 1354067426556735490  ,0,0,1,no,  2021-01-26 14:03:26  ,  @BACCredomaticSV Siempre me he fijado que las Cooperativas dejan pateadas a las políticas y a los intereses en cuanto a préstamos a comparación de los bancos.  ,  Twitter for Android  ,https://www.twitter.com/Gloomy000001/status/1354067426556735490 
 19,,  Viva El Salvador??????????????  ,Golondr81316996,https://www.twitter.com/Golondr81316996,  ID: 1354097045099974659  ,0,0,0,no,  2021-01-26 16:01:08  ,  @BACCredomaticSV Cómo Que son Buitres     Le Quieren Caer Al Salario de Los Que están en Primera Línea     Prestan Una Mi$eria y Cobran Exorbitantes interese$$$  ,  Twitter for Android  ,https://www.twitter.com/Golondr81316996/status/1354097045099974659 
 20,,  Edwin Draxler  ,DraxlerEdwin,https://www.twitter.com/DraxlerEdwin,  ID: 1354112191432192001  ,0,0,0,no,  2021-01-26 17:01:19  ,  @BACCredomaticSV Los q son de empresa pr8vada pueden comer mierda jajajaja  ,  Twitter for Android  ,https://www.twitter.com/DraxlerEdwin/status/1354112191432192001 
 21,,  BAC El Salvador  ,BACCredomaticSV,https://www.twitter.com/BACCredomaticSV,  ID: 1354112554340114432  ,0,2,0,no,  2021-01-26 17:02:45  ,  @AlexanderVla ¡Hola Alexander! Con mucho gusto te comentamos que en BAC Credomatic tenemos diferentes promociones y ofertassi estás interesado en conocerlas te motivamos a escribirnos un DM con tu información para que juntos busquemos la mejor propuesta para ti.  ,Sprinklr,https://www.twitter.com/BACCredomaticSV/status/1354112554340114432 
 22,,  Julio Leiva  ,leivadiscovery1,https://www.twitter.com/leivadiscovery1,  ID: 1354143347976364034  ,0,1,0,no,  2021-01-26 19:05:07  ,  @BACCredomaticSV Si es empleado municipalni caso le hacen  ,  Twitter for Android  ,https://www.twitter.com/leivadiscovery1/status/1354143347976364034 
 23,,  BAC El Salvador  ,BACCredomaticSV,https://www.twitter.com/BACCredomaticSV,  ID: 1354144711641075713  ,0,0,0,no,  2021-01-26 19:10:32  ,  @leivadiscovery1 Buenas tardes Juliote comentamos que contamos con diferentes promociones y ofertassi estás interesado en conocerlas escríbenos un DM con tu información para contactarte o si lo deseas puedes conocer nuestros créditos disponibles en el siguiente enlace: https://t.co/B6iPr575er  ,Sprinklr,https://www.twitter.com/BACCredomaticSV/status/1354144711641075713 
 24,,  ???????????? ??.  ,vegavega76,https://www.twitter.com/vegavega76,  ID: 1354169173849600001  ,0,0,0,no,  2021-01-26 20:47:44  ,  @emilio_pacheco @BACCredomaticSV Yo también me hago la misma pregunta?  ,  Twitter for Android  ,https://www.twitter.com/vegavega76/status/1354169173849600001 
 25,,  Moisés Rivera  ,sheriftrejo,https://www.twitter.com/sheriftrejo,  ID: 1354190806098317312  ,0,1,0,no,  2021-01-26 22:13:42  ,  @BACCredomaticSV Estoy interesado  ,  Twitter for Android  ,https://www.twitter.com/sheriftrejo/status/1354190806098317312 
 ,25-1,  BAC El Salvador  ,BACCredomaticSV,https://www.twitter.com/BACCredomaticSV,  ID: 1355234606782537729  ,0,0,0,no,  2021-01-29 19:21:23  ,  @de_hiil Buen día AngelaSolicita tu #CrediGob: https://t.co/IU65GaJteb ¡Saludos!.  ,Sprinklr,https://www.twitter.com/BACCredomaticSV/status/1355234606782537729 
 ,25-2,  Angela De Hiil  ,de_hiil,https://www.twitter.com/de_hiil,  ID: 1355234137628663808  ,0,1,0,no,  2021-01-29 19:19:32  ,  @BACCredomaticSV @sheriftrejo Estou interesada  ,  Twitter for Android  ,https://www.twitter.com/de_hiil/status/1355234137628663808 
 26,,  BAC El Salvador  ,BACCredomaticSV,https://www.twitter.com/BACCredomaticSV,  ID: 1354192306874839040  ,0,1,2,no,  2021-01-26 22:19:40  ,  @sheriftrejo Buenas tardes Moisés. Solicita tu #CrediGob: https://t.co/Xq5N6P6imG ¡Saludos!.  ,Sprinklr,https://www.twitter.com/BACCredomaticSV/status/1354192306874839040 
 27,,  Van Wolfram  ,VanWolfram1,https://www.twitter.com/VanWolfram1,  ID: 1354221350064369670  ,0,1,0,no,  2021-01-27 00:15:04  ,  @BACCredomaticSV No no cumplen expectativa de  clientes     solo es una ilusión.    Para reunir deudas de las personas nessesitan prestar arriba de 15000 sin tanto cuento  ,  Twitter for Android  ,https://www.twitter.com/VanWolfram1/status/1354221350064369670 
 ,27-1,  JUSTICIA SALVADOREÑA  ,eljusticiero_92,https://www.twitter.com/eljusticiero_92,  ID: 1355453139508457473  ,0,0,0,no,  2021-01-30 09:49:46  ,  @BACCredomaticSV @VanWolfram1 A la computadora ponen a responderle a los clientes?????? que servicios más basura??wassap??Banca en lineaPorq no ponen un call center que atienda las necesidades de los clientes no sean miserables y brinden un servicio de calidad  ,  Twitter for Android  ,https://www.twitter.com/eljusticiero_92/status/1355453139508457473 
 28,,  La bebe´??????  ,Jeannet90640841,https://www.twitter.com/Jeannet90640841,  ID: 1354348580614635521  ,0,1,1,no,  2021-01-27 08:40:38  ,  @BACCredomaticSV Y uno con minimo solo por es empleado publico ni $5 mil les prestan . q injusticia verdad.  ,  Twitter Web App  ,https://www.twitter.com/Jeannet90640841/status/1354348580614635521 
 29,,  Jean Carlos Vásquez  ,JeanCarlosVsqu9,https://www.twitter.com/JeanCarlosVsqu9,  ID: 1354393626521051139  ,0,1,0,no,  2021-01-27 11:39:38  ,  @BACCredomaticSV Que clase de empleado de gobierno aplica  ,  Twitter for Android  ,https://www.twitter.com/JeanCarlosVsqu9/status/1354393626521051139 
 30,,  BAC El Salvador  ,BACCredomaticSV,https://www.twitter.com/BACCredomaticSV,  ID: 1354434777823244296  ,0,1,0,no,  2021-01-27 14:23:09  ,  @VanWolfram1 Buen díaTe comentamos que en BAC Credomatic tenemos diferentes promociones y ofertassi estás interesado en conocerlas puedes enviarnos por favor un DM con tu información para que juntos busquemos la mejor propuesta para ti. Quedamos atentos.  ,Sprinklr,https://www.twitter.com/BACCredomaticSV/status/1354434777823244296 
 31,,  BAC El Salvador  ,BACCredomaticSV,https://www.twitter.com/BACCredomaticSV,  ID: 1354434943817043968  ,0,0,0,no,  2021-01-27 14:23:49  ,  @Jeannet90640841 Buen díaTe comentamos que en BAC Credomatic tenemos diferentes promociones y ofertassi estás interesado en conocerlas puedes enviarnos por favor un DM con tu información para que juntos busquemos la mejor propuesta para ti. Quedamos atentos.  ,Sprinklr,https://www.twitter.com/BACCredomaticSV/status/1354434943817043968 
 32,,  BAC El Salvador  ,BACCredomaticSV,https://www.twitter.com/BACCredomaticSV,  ID: 1354435188563070981  ,0,0,0,no,  2021-01-27 14:24:47  ,  @JeanCarlosVsqu9 Buen día estimado Jean Carloscon mucho gusto compartimos el siguiente enlace  para créditos de Gobierno   https://t.co/TqWWbqrdAG…Restricciones aplican consulta condiciones en: https://t.co/X2jL3VKRO7¡Saludos!  ,Sprinklr,https://www.twitter.com/BACCredomaticSV/status/1354435188563070981 
 33,,Cazador,RivasCazador,https://www.twitter.com/RivasCazador,  ID: 1354496098103136258  ,0,1,0,no,  2021-01-27 18:26:49  ,  @BACCredomaticSV Que oferton requisitos cuales son  ,  Twitter for Android  ,https://www.twitter.com/RivasCazador/status/1354496098103136258 
 ,33-1,Cazador,RivasCazador,https://www.twitter.com/RivasCazador,  ID: 1354587700943335429  ,0,1,0,no,  2021-01-28 00:30:49  ,  @BACCredomaticSV Gracias  ,  Twitter for Android  ,https://www.twitter.com/RivasCazador/status/1354587700943335429 
 ,33-2,  BAC El Salvador  ,BACCredomaticSV,https://www.twitter.com/BACCredomaticSV,  ID: 1354792368344616960  ,0,0,0,no,  2021-01-28 14:04:06  ,  @RivasCazador Buen día estimadocon mucho gusto ¡Feliz día!  ,Sprinklr,https://www.twitter.com/BACCredomaticSV/status/1354792368344616960 
 34,,  BAC El Salvador  ,BACCredomaticSV,https://www.twitter.com/BACCredomaticSV,  ID: 1354497311687270405  ,0,1,1,no,  2021-01-27 18:31:39  ,  @RivasCazador Buen día estimadocon mucho gusto compartimos el siguiente enlace  para créditos de Gobierno   https://t.co/TqWWbqrdAG…Restricciones aplican consulta condiciones en: https://t.co/X2jL3VKRO7¡Saludos!  ,Sprinklr,https://www.twitter.com/BACCredomaticSV/status/1354497311687270405 
 35,,  Nestor Daniel Tobar Portillo  ,TobarDr,https://www.twitter.com/TobarDr,  ID: 1354801509230288900  ,0,1,0,no,  2021-01-28 14:40:25  ,  @BACCredomaticSV Información por favor  ,  Twitter for Android  ,https://www.twitter.com/TobarDr/status/1354801509230288900 
 36,,  Ronald Arriola  ,RonaldArriola12,https://www.twitter.com/RonaldArriola12,  ID: 1354804540126621698  ,0,1,0,no,  2021-01-28 14:52:28  ,  @BACCredomaticSV Algún día lo seré  ,  Twitter for Android  ,https://www.twitter.com/RonaldArriola12/status/1354804540126621698 
 ,36-1,  Ronald Arriola  ,RonaldArriola12,https://www.twitter.com/RonaldArriola12,  ID: 1354810547569532934  ,0,1,0,no,  2021-01-28 15:16:20  ,  @BACCredomaticSV Muchas gracias amigos .Yo en su momento les consulto gracias por su fina atención.  ,  Twitter for Android  ,https://www.twitter.com/RonaldArriola12/status/1354810547569532934 
 ,36-2,  BAC El Salvador  ,BACCredomaticSV,https://www.twitter.com/BACCredomaticSV,  ID: 1354810872971988999  ,0,1,1,no,  2021-01-28 15:17:37  ,  @RonaldArriola12 Buen día Ronaldcon mucho gusto estaremos atentos a tus comentarios ¡Feliz día!  ,Sprinklr,https://www.twitter.com/BACCredomaticSV/status/1354810872971988999 
 ,36-3,  Ronald Arriola  ,RonaldArriola12,https://www.twitter.com/RonaldArriola12,  ID: 1354811283728605192  ,0,0,1,no,  2021-01-28 15:19:15  ,  @BACCredomaticSV ?? Gracias  ,  Twitter for Android  ,https://www.twitter.com/RonaldArriola12/status/1354811283728605192 
 37,,??????y,Tonygamers2,https://www.twitter.com/Tonygamers2,  ID: 1354805980874170369  ,1,1,3,no,  2021-01-28 14:58:11  ,  @BACCredomaticSV Solo a los millonarios les prestan a uno de pobre nadaha ya me acordé no es conveniente que un pobre tenga facilidades para tener un negocio sería una ofensa para un rico tener competencia y no tener esclavos.  ,  Twitter for Android  ,https://www.twitter.com/Tonygamers2/status/1354805980874170369 
 38,,  BAC El Salvador  ,BACCredomaticSV,https://www.twitter.com/BACCredomaticSV,  ID: 1354809278247313412  ,0,0,0,no,  2021-01-28 15:11:17  ,  @TobarDr Buen día estimado Nestorcon mucho gusto compartimos el siguiente enlace  para créditos de Gobierno   https://t.co/TqWWbq9Cc6…Restricciones aplican consulta condiciones en: https://t.co/X2jL3W2sFF¡Saludos!  ,Sprinklr,https://www.twitter.com/BACCredomaticSV/status/1354809278247313412 
 39,,  BAC El Salvador  ,BACCredomaticSV,https://www.twitter.com/BACCredomaticSV,  ID: 1354809702576578563  ,0,1,1,no,  2021-01-28 15:12:58  ,  @RonaldArriola12 ¡Hola Ronald! Te comentamos que en BAC Credomatic tenemos diferentes promociones y ofertassi estás interesado en conocerlas puedes enviarnos por favor un DM con tu información para que juntos busquemos la mejor propuesta para ti. Quedamos atentos.  ,Sprinklr,https://www.twitter.com/BACCredomaticSV/status/1354809702576578563 
 40,,  BAC El Salvador  ,BACCredomaticSV,https://www.twitter.com/BACCredomaticSV,  ID: 1354809939420581891  ,0,0,0,no,  2021-01-28 15:13:55  ,  @Tonygamers2 ¡Hola Tony! Te comentamos que en BAC Credomatic tenemos diferentes promociones y ofertassi estás interesado en conocerlas puedes enviarnos por favor un DM con tu información para que juntos busquemos la mejor propuesta para ti. Quedamos atentos.  ,Sprinklr,https://www.twitter.com/BACCredomaticSV/status/1354809939420581891 
 41,,??•Mi•Mismo®|??????????,MiMismo__,https://www.twitter.com/MiMismo__,  ID: 1355141256310108164  ,0,1,2,no,  2021-01-29 13:10:27  ,  @BACCredomaticSV Ladrones con que me estancobrando 120 dolares por un     adelanto salarial      de jace un año y el sabado recien aperture mi cuenta con ustedezno jodan!!!!  ,  Twitter for Android  ,https://www.twitter.com/MiMismo__/status/1355141256310108164 
 ,41-1,??•Mi•Mismo®|??????????,MiMismo__,https://www.twitter.com/MiMismo__,  ID: 1355564396089585667  ,0,0,0,no,  2021-01-30 17:11:51  ,  @BACCredomaticSV No veo resolucion por parte de ustedes que falta de seriedad.  ,  Twitter for Android  ,https://www.twitter.com/MiMismo__/status/1355564396089585667 
 42,,  BAC El Salvador  ,BACCredomaticSV,https://www.twitter.com/BACCredomaticSV,  ID: 1355153158771789825  ,0,1,1,no,  2021-01-29 13:57:45  ,  @MiMismo__ Buen día Estimado para nosotros es importante tu retroalimentaciónpara un mejor seguimiento te pedimos brindarnos mediante DM solicitamos más detalles con tu nombre completocorreo electrónicoDUI y número de teléfono. Quedamos atentos.  ,Sprinklr,https://www.twitter.com/BACCredomaticSV/status/1355153158771789825 
 43,,  Yazmin Guardado  ,YazminGuardado4,https://www.twitter.com/YazminGuardado4,  ID: 1355172618702381060  ,0,1,0,no,  2021-01-29 15:15:04  ,  @BACCredomaticSV Que requisitos hay para los emplado de gobierno  ,  Twitter for Android  ,https://www.twitter.com/YazminGuardado4/status/1355172618702381060 
 44,,  BAC El Salvador  ,BACCredomaticSV,https://www.twitter.com/BACCredomaticSV,  ID: 1355174579422060550  ,0,0,0,no,  2021-01-29 15:22:52  ,  @YazminGuardado4 Buen día Yazmincon gusto puedes validar los requisitos en el siguiente enlace: https://t.co/KdBA2P9jRa ¡Saludos!.  ,Sprinklr,https://www.twitter.com/BACCredomaticSV/status/1355174579422060550 
 45,,Cazador,RivasCazador,https://www.twitter.com/RivasCazador,  ID: 1355213450969034752  ,0,1,0,no,  2021-01-29 17:57:20  ,  @BACCredomaticSV Y que requisitos piden.aparte de ser empleado de gobierno.  ,  Twitter for Android  ,https://www.twitter.com/RivasCazador/status/1355213450969034752 
 46,,  BAC El Salvador  ,BACCredomaticSV,https://www.twitter.com/BACCredomaticSV,  ID: 1355218097100226561  ,0,0,1,no,  2021-01-29 18:15:47  ,  @RivasCazador Buenas tardes Cazadorte invitamos a ingresar al siguiente enlace para conocer los requisitos: https://t.co/ufZOQY7oNZ ¡Saludos!.  ,Sprinklr,https://www.twitter.com/BACCredomaticSV/status/1355218097100226561 
 47,,  Julio Caballero  ,julioce48759976,https://www.twitter.com/julioce48759976,  ID: 1355310365962285056  ,0,1,0,no,  2021-01-30 00:22:26  ,  @BACCredomaticSV Quisiera más información pero no puedo escribirles DM  ,  Twitter for Android  ,https://www.twitter.com/julioce48759976/status/1355310365962285056 
 48,,  Wily Pineda  ,WilyPineda2,https://www.twitter.com/WilyPineda2,  ID: 1355496603520528385  ,1,1,2,no,  2021-01-30 12:42:28  ,  @BACCredomaticSV Que desgracia de paisy los que no somos empleados de gobierno pero somos responsablesjamas tendremos oportunidad para un prestamo y asi poder realizar nuestros sueñosseguimos en lo mismo veocon oportunidades para los mismos  ,  Twitter for Android  ,https://www.twitter.com/WilyPineda2/status/1355496603520528385 
 ,48-1,  Wily Pineda  ,WilyPineda2,https://www.twitter.com/WilyPineda2,  ID: 1356027997736886272  ,0,1,0,no,  2021-01-31 23:54:03  ,  @BACCredomaticSV Perfectogracias !!!  ,  Twitter for Android  ,https://www.twitter.com/WilyPineda2/status/1356027997736886272 
 ,48-2,  BAC El Salvador  ,BACCredomaticSV,https://www.twitter.com/BACCredomaticSV,  ID: 1356268343326613504  ,0,0,0,no,  2021-02-01 15:49:05  ,  @WilyPineda2 Buen día Wilycon mucho gusto ¡Feliz día!  ,Sprinklr,https://www.twitter.com/BACCredomaticSV/status/1356268343326613504 
 49,,  kno sa  ,knosac,https://www.twitter.com/knosac,  ID: 1355504045230796804  ,0,0,0,no,  2021-01-30 13:12:03  ,  @BACCredomaticSV A los empleados privados q son los q generan la verdadera riqueza los explotan con intereses y requisitos como la edadson hipócritas. @nayibbukele esas son injusticiasy cada día aumenta la brecha económica  entre empleados del estado y privados.  ,  Twitter for Android  ,https://www.twitter.com/knosac/status/1355504045230796804 
 50,,  BAC El Salvador  ,BACCredomaticSV,https://www.twitter.com/BACCredomaticSV,  ID: 1355520419290361857  ,0,0,0,no,  2021-01-30 14:17:06  ,  @julioce48759976 Buen día Juliopara más detalles te invitamos a ingresar al siguiente enlace https://t.co/ufZOQY7oNZ ¡Saludos!.  ,Sprinklr,https://www.twitter.com/BACCredomaticSV/status/1355520419290361857 
 51,,  BAC El Salvador  ,BACCredomaticSV,https://www.twitter.com/BACCredomaticSV,  ID: 1355521225527844864  ,0,1,1,no,  2021-01-30 14:20:19  ,  @WilyPineda2 Buen día Wilyte comentamos que contamos con diferentes promociones y ofertassi estás interesado en conocerlas escríbenos un DM con tu información para contactarte o si lo deseas puedes conocer nuestros créditos disponibles en el siguiente enlace https://t.co/nObIHSDRaM  ,Sprinklr,https://www.twitter.com/BACCredomaticSV/status/1355521225527844864 
 52,,.,PabloCsarTorre2,https://www.twitter.com/PabloCsarTorre2,  ID: 1355542865926119429  ,0,0,0,no,  2021-01-30 15:46:18  ,  @BACCredomaticSV Será cierto.?  ,  Twitter for Android  ,https://www.twitter.com/PabloCsarTorre2/status/1355542865926119429 
 53,,  Hugo Flores  ,HugoFlo40905468,https://www.twitter.com/HugoFlo40905468,  ID: 1355545945396678659  ,0,1,0,no,  2021-01-30 15:58:32  ,  @BACCredomaticSV Y para empleados de empresa privada??  ,  Twitter for Android  ,https://www.twitter.com/HugoFlo40905468/status/1355545945396678659 
 54,,  BAC El Salvador  ,BACCredomaticSV,https://www.twitter.com/BACCredomaticSV,  ID: 1355562051851194370  ,0,0,0,no,  2021-01-30 17:02:32  ,  @HugoFlo40905468 Estimado Hugote compartimos nuestros créditos personales en el siguiente enlace: https://t.co/NuM4H9slJw puedes completar el formulario adjunto para que uno de nuestros ejecutivos te contacte: https://t.co/OQU9aXDZLO  o escribiéndonos a nuestro WhatsApp al 71704222Saludos.  ,Sprinklr,https://www.twitter.com/BACCredomaticSV/status/1355562051851194370 
 55,,PacoJones,pacojones29,https://www.twitter.com/pacojones29,  ID: 1355879041677586436  ,0,0,0,no,  2021-01-31 14:02:09  ,  @BACCredomaticSV El partido @ARENAfraccion nesesita esos préstamos contactenlos  ,  Twitter for Android  ,https://www.twitter.com/pacojones29/status/1355879041677586436 
 56,,Cecilia,Cecilia31377869,https://www.twitter.com/Cecilia31377869,  ID: 1361517885043187714  ,0,1,0,no,  2021-02-16 03:28:54  ,  @BACCredomaticSV Al cuanto por ciento lo prestan  ,  Twitter for Android  ,https://www.twitter.com/Cecilia31377869/status/1361517885043187714 
 57,,  BAC El Salvador  ,BACCredomaticSV,https://www.twitter.com/BACCredomaticSV,  ID: 1361675085174763529  ,0,0,0,no,  2021-02-16 13:53:33  ,  @Cecilia31377869 Buen día estimada Ceciliacon mucho gusto compartimos el siguiente enlace  para créditos de Gobierno   https://t.co/TqWWbqrdAG…Restricciones aplican consulta condiciones en: https://t.co/X2jL3VKRO7¡Saludos!  ,Sprinklr,https://www.twitter.com/BACCredomaticSV/status/1361675085174763529 
 2,,  Eve Ore  ,eve_orellana5,https://www.twitter.com/eve_orellana5,  ID: 1392840124317290502  ,0,1,0,no,  2021-05-13 13:52:18  ,  @BACCredomaticSV Muy interesante  ,  Twitter for iPhone  ,https://www.twitter.com/eve_orellana5/status/1392840124317290502 
 3,,  BAC El Salvador  ,BACCredomaticSV,https://www.twitter.com/BACCredomaticSV,  ID: 1392840957217820679  ,0,0,0,no,  2021-05-13 13:55:36  ,  @eve_orellana5 Buen día Eveagradecemos tus comentarios te invitamos mantenerte atenta a nuestras promociones ¡Saludos!  ,  PureSocial CX  ,https://www.twitter.com/BACCredomaticSV/status/1392840957217820679 
 2,,  Fernando Figo  ,FernandoFigo5,https://www.twitter.com/FernandoFigo5,  ID: 1391831635641896965  ,0,0,0,no,  2021-05-10 19:04:55  ,  @BACCredomaticSV PRECIOSA madre  ,  Twitter for Android  ,https://www.twitter.com/FernandoFigo5/status/1391831635641896965 
 3,,  La Injusticia Del BAC  ,InjusticiaBac,https://www.twitter.com/InjusticiaBac,  ID: 1391835141610352640  ,1,0,1,no,  2021-05-10 19:18:51  ,  @BACCredomaticSV Porque no sacan a la luz los miles de dolares que les robaron??Porque despidieron a muchas personas sin pruebas?Indemniselas.@TrabajoSV  ,  Twitter for Android  ,https://www.twitter.com/InjusticiaBac/status/1391835141610352640 
 4,,migueleño,luandiasm,https://www.twitter.com/luandiasm,  ID: 1391956476261027840  ,0,0,0,no,  2021-05-11 03:20:59  ,  @BACCredomaticSV Ladronesde lo que le roban a la gente.  ,  Twitter for Android  ,https://www.twitter.com/luandiasm/status/1391956476261027840 
 5,,  Javier Anaya  ,JavierA54703433,https://www.twitter.com/JavierA54703433,  ID: 1391968483169218564  ,0,0,0,no,  2021-05-11 04:08:42  ,  @BACCredomaticSV LES INVITO A APOYAR A ESTA BELLA SEÑORA SALVADOREÑA QUE EN SU CANAL HACE RICAS RECETAS SALVADOREÑAS. ME ENCANTA SU CANAL DE YOUTUBETU PUEDES SER UNO QUE LA APOYA AL VER SUS VIDEOS ??  https://t.co/d4AIfbvfgt  ,  Twitter for Android  ,https://www.twitter.com/JavierA54703433/status/1391968483169218564 
 6,,  Cristobal Ramirez A  ,Cristob24445268,https://www.twitter.com/Cristob24445268,  ID: 1392127738442625025  ,0,0,0,no,  2021-05-11 14:41:31  ,  @BACCredomaticSV Viv ykmllnii.jmhkhknklmkuykkkiliklkklikllmklklknkji9j io9looopoyyyl?mll.sscgvfw  wtLooommohuoio9p9p99  ,  Twitter for Android  ,https://www.twitter.com/Cristob24445268/status/1392127738442625025 
 7,,barreragonzaloernesto@gmail.com,barreragonzalo4,https://www.twitter.com/barreragonzalo4,  ID: 1392333088991154177  ,0,1,0,no,  2021-05-12 04:17:31  ,  @BACCredomaticSV Y como daran a conocer a los ganadores  ,  Twitter for Android  ,https://www.twitter.com/barreragonzalo4/status/1392333088991154177 
 8,,  BAC El Salvador  ,BACCredomaticSV,https://www.twitter.com/BACCredomaticSV,  ID: 1392465237257854976  ,0,0,0,no,  2021-05-12 13:02:37  ,  @barreragonzalo4 Buen díacomentarte que se dara a conocer por medio de nuestra pagina de Facebook ¡Saludos!  ,  PureSocial CX  ,https://www.twitter.com/BACCredomaticSV/status/1392465237257854976 
 2,,  JC sandoval  ,JCSANH,https://www.twitter.com/JCSANH,  ID: 1395599276043079681  ,0,1,0,no,  2021-05-21 04:36:11  ,  @BACCredomaticSV Hola necesito saber que es lo que me descuentan con el nombre valor tarjeta titular siempre cada mes reviso estado de cuentas y a veces no hago transacción y siempre me parece ese cobre y no se por q  ,  Twitter for iPhone  ,https://www.twitter.com/JCSANH/status/1395599276043079681 
 3,,  BAC El Salvador  ,BACCredomaticSV,https://www.twitter.com/BACCredomaticSV,  ID: 1395726422476419079  ,0,0,0,no,  2021-05-21 13:01:25  ,  @JCSANH Buen día estimadopara más detalles puedes escribirnos mediante DM para poder ayudarte de la mejor manera. Quedamos atentos.  ,  PureSocial CX  ,https://www.twitter.com/BACCredomaticSV/status/1395726422476419079 
 2,,Mauricio,01Mauperdomo,https://www.twitter.com/01Mauperdomo,  ID: 1351305569605464067  ,0,0,0,no,  2021-01-18 23:08:48  ,  @BACCredomaticSV Gracias  ,  Twitter for Android  ,https://www.twitter.com/01Mauperdomo/status/1351305569605464067 
 2,,Chelitho,Chelitho94,https://www.twitter.com/Chelitho94,  ID: 1394393783727501315  ,0,1,1,no,  2021-05-17 20:45:59  ,  @BACCredomaticSV Y los amados puntos milla que me iban a dar por el cargo automático de @movistar_sv veo que son mentiras https://t.co/zzLLKRzVVj  ,  Twitter for Android  ,https://www.twitter.com/Chelitho94/status/1394393783727501315 
 ,2-1,Chelitho,Chelitho94,https://www.twitter.com/Chelitho94,  ID: 1394513998465359875  ,0,1,0,no,  2021-05-18 04:43:40  ,  @BACCredomaticSV Muchas gracias ya se soluciono ya me lo cobraron gracias @BACCredomaticSV  ,  Twitter for Android  ,https://www.twitter.com/Chelitho94/status/1394513998465359875 
 ,2-2,  BAC El Salvador  ,BACCredomaticSV,https://www.twitter.com/BACCredomaticSV,  ID: 1394635728210911232  ,0,0,1,no,  2021-05-18 12:47:23  ,  @Chelitho94 Buen día estimadoagradecemos tus comentarios. ¡Feliz día!  ,  PureSocial CX  ,https://www.twitter.com/BACCredomaticSV/status/1394635728210911232 
 3,,  BAC El Salvador  ,BACCredomaticSV,https://www.twitter.com/BACCredomaticSV,  ID: 1394394330496782336  ,0,1,1,no,  2021-05-17 20:48:09  ,  @Chelitho94 Buen díaen este caso para poder validar en sistema te recomendamos escribirnos a nuestro WhatsApp al 7170-4222 para poder validar con gusto uno de nuestros ejecutivos te ayudará. ¡Saludos!  ,  PureSocial CX  ,https://www.twitter.com/BACCredomaticSV/status/1394394330496782336 
 4,,  BAC El Salvador  ,BACCredomaticSV,https://www.twitter.com/BACCredomaticSV,  ID: 1395090612643188736  ,0,0,1,no,  2021-05-19 18:54:56  ,  @melvinjaco Buen día Melvin te invitamos a brindarnos más detalles de tu caso por DMtu nombre completoDUIcorreo y celular.  ,  PureSocial CX  ,https://www.twitter.com/BACCredomaticSV/status/1395090612643188736 
 2,,  Patricia M  ,APattyMG,https://www.twitter.com/APattyMG,  ID: 1350225856879214593  ,0,1,1,no,  2021-01-15 23:38:24  ,  @BACCredomaticSV ¿La persona ganadora incurre en algún costo para recibir el premio? Gastos de traspaso por ejemplo  ,  Twitter for Android  ,https://www.twitter.com/APattyMG/status/1350225856879214593 
 3,,  BAC El Salvador  ,BACCredomaticSV,https://www.twitter.com/BACCredomaticSV,  ID: 1350230678948999168  ,0,0,1,no,  2021-01-15 23:57:34  ,  @APattyMG Buenas tardes estimada Patriciacomentarte que hemos enviado tu consulta con nuestra áreaal obtener la respuesta te estaríamos indicando.  ,Sprinklr,https://www.twitter.com/BACCredomaticSV/status/1350230678948999168 
 4,,  Uri Castillo ????  ,Uri_castle,https://www.twitter.com/Uri_castle,  ID: 1350784165478883329  ,0,2,2,no,  2021-01-17 12:36:56  ,  @BACCredomaticSV Jajajaja gran paja si ese departamento ya tienen a quien se lo darán Así dijeron el año pasado y ni sacaron ni fotos del ganador y uno de pen...o comprando para tener oportunidad  ,  Twitter for Android  ,https://www.twitter.com/Uri_castle/status/1350784165478883329 
 5,,  That Metal Girl  ,MetalGirlSv,https://www.twitter.com/MetalGirlSv,  ID: 1351031985691635714  ,1,1,2,no,  2021-01-18 05:01:41  ,  @BACCredomaticSV Seria bueno que le informaran a los clientes cuantas oportunidades han acumulado para el sorteoal terminar la promoción.Una sugerencia ??  ,  Twitter for Android  ,https://www.twitter.com/MetalGirlSv/status/1351031985691635714 
 6,,ATodoLive,LittleGNs,https://www.twitter.com/LittleGNs,  ID: 1351100691180355590  ,0,1,0,no,  2021-01-18 09:34:41  ,  @BACCredomaticSV Me gustaría comunicarme con ustedes!  ,  Twitter for Android  ,https://www.twitter.com/LittleGNs/status/1351100691180355590 
 ,6-1,ATodoLive,LittleGNs,https://www.twitter.com/LittleGNs,  ID: 1351260827861602304  ,0,1,1,no,  2021-01-18 20:11:01  ,  @BACCredomaticSV Les escribí al privado.  ,  Twitter for iPhone  ,https://www.twitter.com/LittleGNs/status/1351260827861602304 
 ,6-2,  BAC El Salvador  ,BACCredomaticSV,https://www.twitter.com/BACCredomaticSV,  ID: 1351262741303066626  ,0,0,0,no,  2021-01-18 20:18:37  ,  @LittleGNs Con mucho gusto ¡Saludos!  ,Sprinklr,https://www.twitter.com/BACCredomaticSV/status/1351262741303066626 
 7,,nuria,NuriaRevelo,https://www.twitter.com/NuriaRevelo,  ID: 1351208032689147905  ,0,0,0,no,  2021-01-18 16:41:13  ,  @Uri_castle @BACCredomaticSV Correcto  ,  Twitter for Android  ,https://www.twitter.com/NuriaRevelo/status/1351208032689147905 
 8,,  BAC El Salvador  ,BACCredomaticSV,https://www.twitter.com/BACCredomaticSV,  ID: 1351214706816659459  ,0,0,1,no,  2021-01-18 17:07:45  ,  @MetalGirlSv Buen día Samanthaagradecemos tu sugerencia con gusto la remitiremos a nuestra área encargada. ¡Saludos!.  ,Sprinklr,https://www.twitter.com/BACCredomaticSV/status/1351214706816659459 
 9,,  BAC El Salvador  ,BACCredomaticSV,https://www.twitter.com/BACCredomaticSV,  ID: 1351216945660633094  ,0,1,0,no,  2021-01-18 17:16:38  ,  @LittleGNs Buenos días ATodoLive¿cómo podemos ayudarte?.  ,Sprinklr,https://www.twitter.com/BACCredomaticSV/status/1351216945660633094 
 10,,Leo,mleome,https://www.twitter.com/mleome,  ID: 1351232300479078403  ,0,1,0,no,  2021-01-18 18:17:39  ,  @BACCredomaticSV Que cuesta hablar con alguno de sus agentes por teléfono ??  ,  Twitter for iPhone  ,https://www.twitter.com/mleome/status/1351232300479078403 
 ,10-1,Leo,mleome,https://www.twitter.com/mleome,  ID: 1351235447373107209  ,0,0,0,no,  2021-01-18 18:30:10  ,  @BACCredomaticSV Ahorita ??  ,  Twitter for iPhone  ,https://www.twitter.com/mleome/status/1351235447373107209 
 11,,  BAC El Salvador  ,BACCredomaticSV,https://www.twitter.com/BACCredomaticSV,  ID: 1351234992450523141  ,0,1,0,no,  2021-01-18 18:28:21  ,  @mleome Buenas tardes Leote invitamos a indicarnos por DM la gestión que deseas realizar. Quedamos atentos.  ,Sprinklr,https://www.twitter.com/BACCredomaticSV/status/1351234992450523141 
 2,,Jorge14,Jorge1462196629,https://www.twitter.com/Jorge1462196629,  ID: 1397142518035357697  ,0,2,0,no,  2021-05-25 10:48:28  ,  @BACCredomaticSV Requisitos para una tarjeta de crédito con ustedes?  ,  Twitter for Android  ,https://www.twitter.com/Jorge1462196629/status/1397142518035357697 
 3,,  BAC El Salvador  ,BACCredomaticSV,https://www.twitter.com/BACCredomaticSV,  ID: 1397175218892722179  ,0,0,1,no,  2021-05-25 12:58:25  ,  @Jorge1462196629 Buen día Jorgecon gusto te invitamos a conocer beneficios y requisitos de nuestra amplia gama de tarjetas de crédito en el siguiente enlace https://t.co/u5oCiTPKrr  ,  PureSocial CX  ,https://www.twitter.com/BACCredomaticSV/status/1397175218892722179 
 4,,  Eve Ore  ,eve_orellana5,https://www.twitter.com/eve_orellana5,  ID: 1398154518890696708  ,0,1,0,no,  2021-05-28 05:49:48  ,  @BACCredomaticSV Excelente!  ,  Twitter for iPhone  ,https://www.twitter.com/eve_orellana5/status/1398154518890696708 
 5,,  BAC El Salvador  ,BACCredomaticSV,https://www.twitter.com/BACCredomaticSV,  ID: 1398262183209832449  ,0,0,0,no,  2021-05-28 12:57:37  ,  @eve_orellana5 Buen día Eveagradecemos tus comentarios te invitamos mantenerte atenta a nuestras promociones. ¡Saludos!  ,  PureSocial CX  ,https://www.twitter.com/BACCredomaticSV/status/1398262183209832449 
