x1,x2,Name,Date,Likes,Comment,view
1,,catelo59,08/01/21 00:23:12,1,Muchas gracias.,view comment
,1-1,afp.confia,08/01/21 00:40:28,0,@catelo59 para servirte ğŸ˜‰,view comment
2,,claudia195241,08/01/21 01:02:08,2,"Buenas noches.  Gracias por compartir la calendarizacion de pago pensiones . Cada aÃ±o van retrasandolo mÃ¡s. El aÃ±o pasado era 21 de mes, ahora serÃ¡ hasta el 24 o 25 de mes...Como es posible ğŸ˜¢ğŸ˜¢, uno ta estÃ¡ programado. Que terrible, van a llegar al 30 de mes ğŸ™„ğŸ™„",view comment
3,,elin.blanco.1,08/01/21 01:04:16,1,Muy amables,view comment
4,,mercedeslazo30,08/01/21 01:06:43,1,Gracias,view comment
5,,malenaalfaro9,08/01/21 01:27:51,1,EnteradağŸ¤—,view comment
6,,anamariacastanedadeguzman,08/01/21 01:35:57,1,GraciasğŸ™Œ,view comment
7,,cosmeticos.valladares,08/01/21 01:37:42,1,Gracias,view comment
8,,quijano.delmy,08/01/21 01:38:28,2,Enterada,view comment
9,,marco_vinicio_escobar,08/01/21 01:53:45,2,Gracias por mantenernos con informaciÃ³n importante para la planificaciÃ³n de nuestros ingresos y gastos de vida.,view comment
,9-1,afp.confia,08/01/21 01:55:36,0,@marco_vinicio_escobar gracias a ustedes por su confianza,view comment
10,,flodemapeal,08/01/21 02:29:13,0,@nealva_ld,view comment
11,,velinda_rodriguez,08/01/21 05:12:12,1,Enterada... gracias por la informaciÃ³n. Bendiciones!!! ğŸ™ğŸ½,view comment
12,,manuelde152,08/01/21 16:20:46,1,Gracias por sus atenciones,view comment
13,,liliandelcarmenurrutia,09/01/21 20:13:51,0,Gracias ğŸ‘,view comment
14,,jorgealbertomirandaroche,09/01/21 22:40:25,1,Gracias a confÃ­a por su informaciÃ³n se les agradece mucho,view comment
15,,rina.peres.33,28/01/21 22:28:18,0,No me sale el calendario,view comment
,15-1,afp.confia,28/01/21 22:57:38,0,"@rina.peres.33 buen dÃ­a, las fechas las encuentras deslizando hacia la derecha la imagen ğŸ˜‰",view comment
1,,rg672883,29/01/21 03:09:45,0,Ayuda  yo queria que me AyudarÃ¡n con lo que medescontaron en este 2020 supuestamente ya creo ya use una cita el 1 de marzo espero que asesorÃ­a para poder que puedan ala cuenta del banco CuscatlÃ¡n,view comment
,1-1,afp.confia,29/01/21 14:57:28,0,"@rg672883 Buen dÃ­a. Para brindarte una asesorÃ­a mÃ¡s integral sobre tu caso, puedes llamar al 2267-7777, opcioÌn 0, si no tambiÃ©n escribir por Whatsapp al mismo nuÌmero. Recuerda que para ser atendido por un Asesor, debes enviar la palabra â€œAyudaâ€ en dicha plataforma.",view comment
1,,queenoemylopez,14/01/21 20:14:40,0,Necesito un estado de cunta,view comment
,1-1,afp.confia,14/01/21 20:28:24,0,"@queenoemylopez Solicita tu estado de cuenta por Whatsapp (+503 2267-7777) http://wa.me/50322677777 o Facebook Messenger http://m.me/AFPCONFIA, y lo recibirÃ¡s automÃ¡ticamente en tu correo electrÃ³nico registrado. Tessa, nuestra asistente virtual, te guiarÃ¡ en el proceso.",view comment
,1-2,queenoemylopez,14/01/21 20:34:27,0,@afp.confia me urje,view comment
2,,queenoemylopez,14/01/21 20:33:35,0,Ya lo nada,view comment
3,,queenoemylopez,14/01/21 20:34:03,0,Ya lo hice y nada,view comment
,3-1,afp.confia,14/01/21 20:49:23,0,"@queenoemylopez Para brindarte una asesorÃ­a mÃ¡s integral sobre tu caso, puedes llamar al 2267-7777, opcioÌn 0, o tambiÃ©n escribir por Whatsapp al mismo nuÌmero (wa.me/50322677777) Para ser atendido por un Asesor, debes enviar la palabra â€œAyudaâ€ en dicha plataforma. Si lo prefieres, puedes escribirnos un mensaje en Facebook Messenger y solicitar el mismo tipo de atenciÃ³n.",view comment
4,,crunchsanta,15/01/21 02:46:34,0,"Nunca contestan, siempre dice que estÃ¡n llenos los operadores, a todo esto mi madre sin recibir su pension",view comment
,4-1,afp.confia,15/01/21 15:12:22,1,"@crunchsanta Buen dÃ­a. Te compartimos los pasos para hacer tu control de sobrevivencia desde tu celular, sin salir de casa: 1. Guarda en tu telÃ©fono el 2267-7777 como AFP ConfÃ­a 2. BÃºscanos en tus contactos de Whatsapp, escrÃ­benos y elige la opciÃ³n (3), â€œControl de sobrevivenciaâ€ 3. Tessa, nuestra asistente virtual, te guiarÃ¡ en el proceso TambiÃ©n puedes hacerlo escribiendo un mensaje a nuestro Facebook Messenger. Â¡Evita aglomeraciones! Por tu salud, quÃ©date en casa.",view comment
,4-2,eloisafuentesdecanales,19/01/21 16:10:26,0,@crunchsanta y porque no lo hace por wassap? Yo ahÃ­ lo hice y no me tomÃ³ mÃ¡s que 10 minutos y sigo recibiendo mi pension,view comment
5,,delmyhernandez_,15/01/21 06:11:33,1,Se le va todo el saldo al celular y nunca contestan,view comment
,5-1,lauramarinalemus,15/01/21 10:56:36,0,"@delmyhernandez_, exacto. Son ladrones en todos los sentidos.",view comment
,5-2,eloisafuentesdecanales,19/01/21 16:11:39,0,"@delmyhernandez_ hÃ¡ganlo por wassap, ahÃ­ rÃ¡pido contestan",view comment
6,,oscarperez9383,15/01/21 11:20:00,0,Desde hace dÃ­as eh solicitado mi estado y nunca me lo envÃ­an,view comment
,6-1,afp.confia,15/01/21 15:11:01,0,"@oscarperez9383 Buen dÃ­a. Para brindarte una asesorÃ­a mÃ¡s integral sobre tu caso, puedes llamar al 2267-7777, opcioÌn 0, o tambiÃ©n escribir por Whatsapp al mismo nuÌmero. Para ser atendido por un Asesor, debes enviar la palabra â€œAyudaâ€ en dicha plataforma. Si lo prefieres, puedes escribirnos un mensaje en Facebook Messenger y solicitar el mismo tipo de atenciÃ³n.",view comment
,6-2,oscarperez9383,15/01/21 15:47:45,0,@afp.confia mi correo electrÃ³nico es oscarfidelperezhernandez80@gmail.com,view comment
,6-3,afp.confia,15/01/21 15:53:51,2,"@oscarperez9383 Buen dÃ­a. Solicita tu estado de cuenta escribiÃ©ndonos a Whatsapp (+503 2267-7777) o mandando un mensaje a nuestro Facebook Messenger, y lo recibirÃ¡s automÃ¡ticamente en tu correo electrÃ³nico. Tessa, nuestra asistente virtual, te guiarÃ¡ en el proceso.Si aÃºn no has registrado tu correo electrÃ³nico, por motivos de seguridad debes hacerlo llamando al 2267-7777, opciÃ³n 0.",view comment
7,,carmenlopezmel,15/01/21 13:32:55,0,Buenos dÃ­as hay que tener paciencia para que contesten uno espera 20 minutos hasta entonces toman la llamada es mÃ¡s lo que uno espera que le contesten a que le llenen los datos b para la sobrevivencia pero como repito con paciencia? Que Dios los bendiga grandemente.,view comment
,7-1,eloisafuentesdecanales,19/01/21 16:12:09,0,@carmenlopezmel pero es mÃ¡s rÃ¡pido por wassap,view comment
8,,sandry1414,15/01/21 14:00:16,1,Mal servicio ya tengo mas de 8 dÃ­as de haber solicitado una constancia de NO Pensionada para poder renovar mi carnet para pasar consulta es un documento indispensable. Ya 2 semanas de estar esperÃ¡ndolo me urge poder pasar consulta. Mal servicio â˜¹ï¸â˜¹ï¸,view comment
,8-1,afp.confia,15/01/21 15:10:51,2,"@sandry1414 Buen dÃ­a. Para brindarte una asesorÃ­a mÃ¡s integral sobre tu caso, puedes llamar al 2267-7777, opcioÌn 0, o tambiÃ©n escribir por Whatsapp al mismo nuÌmero. Para ser atendido por un Asesor, debes enviar la palabra â€œAyudaâ€ en dicha plataforma. Si lo prefieres, puedes escribirnos un mensaje en Facebook Messenger y solicitar el mismo tipo de atenciÃ³n.",view comment
9,,cidabayona,20/01/21 02:48:18,0,Se les escribe se llama se dejan mensajes y NUNCA DAN RESPUESTA,view comment
10,,hernandez_jovel_,20/01/21 12:32:49,0,Excelente!!,view comment
11,,roberto.ledezma.90260,21/01/21 01:10:42,0,Pura paja no contestan los telÃ©fonos,view comment
12,,roberto.ledezma.90260,21/01/21 01:11:37,0,Lo pasan con alguien y de ahÃ­ sale una grabadora de vos estan ocupados los asesores,view comment
13,,juli.ocolorado,21/01/21 03:40:05,0,Cada cuanto hay que confirmar supervivencia?,view comment
,13-1,afp.confia,21/01/21 14:48:00,0,"@juli.ocolorado Buen dÃ­a. Para brindarte una asesorÃ­a mÃ¡s integral sobre tu caso, puedes llamar al 2267-7777, opcioÌn 0, o tambiÃ©n escribir por Whatsapp al mismo nuÌmero (+503 2267-7777) Para ser atendido por un Asesor, debes enviar la palabra â€œAyudaâ€ en dicha plataforma. Si lo prefieres, puedes escribirnos un mensaje en Facebook Messenger y solicitar el mismo tipo de atenciÃ³n.",view comment
14,,efjo84,21/01/21 05:12:31,0,No hay respuesta.,view comment
15,,aura.garcia.54922169,21/01/21 16:08:17,1,Gracias fue super genial,view comment
,15-1,afp.confia,21/01/21 16:08:48,0,@aura.garcia.54922169 para servirteğŸ™ŒğŸ»,view comment
16,,choco_celulares,22/01/21 02:05:29,0,Necesito el estado de cuenta,view comment
,16-1,afp.confia,22/01/21 15:29:05,0,"@choco_celulares Buen dÃ­a.  Solicita tu estado de cuenta escribiÃ©ndonos a Whatsapp (+503 2267-7777) o mandando un mensaje a nuestro Facebook Messenger, y lo recibirÃ¡s automÃ¡ticamente en tu correo electrÃ³nico. Tessa, nuestra asistente virtual, te guiarÃ¡ en el proceso. Si aÃºn no has registrado tu correo electrÃ³nico, por motivos de seguridad debes hacerlo llamando al 2267-7777, opciÃ³n 0.",view comment
17,,cecy7571,22/01/21 16:12:52,0,Buenas cuando van a pagar enero 2021,view comment
,17-1,afp.confia,22/01/21 16:15:49,0,@cecy7571 Buen dÃ­a. Te comentamos que las pensiones de enero ya han sido abonadas.,view comment
18,,eufemialemus,22/01/21 21:36:22,0,Buenas tardes sres de  AFPconfia ya les envie msj x whatsapp y no me da respuestas  loq me dicen esq no me encuentran y yo me afilie el 18-02-2008 y tengo planillas de la empresa donde laboro y lo q quiero es retirar un 25% xq en estos momentos no es,view comment
,18-1,afp.confia,22/01/21 21:42:12,0,"@eufemialemus Buen dÃ­a. Para brindarte una asesorÃ­a mÃ¡s integral sobre tu caso, puedes llamar al 2267-7777, opcioÌn 0, o tambiÃ©n escribir por Whatsapp al mismo nuÌmero.Para ser atendido por un Asesor, debes enviar la palabra â€œAyudaâ€ en dicha plataforma. Si lo prefieres, puedes escribirnos un mensaje en Facebook Messenger y solicitar el mismo tipo de atenciÃ³n.",view comment
19,,waltercartagenabenites,22/01/21 23:25:44,0,De cuantos aÃ±os la mujer puede retirar su adelanto del 25 por ciento,view comment
,19-1,afp.confia,22/01/21 23:48:36,0,"@waltercartagenabenites Hola. Con respecto al trÃ¡mite de anticipo de saldo, si cumples con todos los requisitos que exige este aÃ±o la Ley SAP de El Salvador (no debes estar pensionado/a, tener registradas al menos 10 aÃ±os de cotizaciones continuas o discontinuas, y tener la edad requerida en 2021: mujeres, 45 aÃ±os o mÃ¡s y hombres, 50 aÃ±os o mÃ¡s), puedes iniciar hoy mismo tu trÃ¡mite en lÃ­nea sin necesidad de visitar una agencia, ingresando al siguiente enlace: https://www.mianticipoconfia.com",view comment
1,,patty_valdi,16/01/21 17:58:13,2,ğŸ‘ğŸ‘ğŸ‘ğŸ’¯ğŸ’¯ğŸ’¯,view comment
1,,mirnaruthrivasaguirre,20/01/21 19:21:10,0,"A mi me toca en febrero, en agosto por la pandemia solo hable por telÃ©fono puedo hacer lo mismo? Gracias",view comment
,1-1,afp.confia,20/01/21 19:23:39,1,@mirnaruthrivasaguirre Claro que sÃ­.Pero tambiÃ©n puedes hacerlo vÃ­a Whatsapp o Facebook Messenger.,view comment
,1-2,mirnaruthrivasaguirre,20/01/21 22:20:32,1,@afp.confia muchas gracias!,view comment
2,,noralinalara0812,22/01/21 12:46:39,0,Buenos dÃ­as...el chequeo por supervivencia se puede hacer antes de la fecha o exactamente el mes q corresponde...??? Gracias,view comment
,2-1,afp.confia,22/01/21 15:28:09,1,@noralinalara0812 Buen dÃ­a. Debes hacerlo en el mes que te corresponde.,view comment
3,,noralinalara0812,22/01/21 16:54:57,0,Gracias...,view comment
1,,evelyn_bertrand,29/01/21 02:01:19,0,Â¿De que se trata esto? Gracias,view comment
,1-1,afp.confia,29/01/21 14:56:11,0,@evelyn_bertrand Gracias por escribirnos. Te invitamos a conocer nuestra plataforma #ConfÃ­aEnCosasBuenas ingresando a confiaencosasbuenas.com (link en bio) para conocer muchos consejos y recomendaciones que tenemos para ti.,view comment
,1-2,evelyn_bertrand,30/01/21 01:36:00,0,"@afp.confia gracias, muy gentil al responder.",view comment
2,,erikitamaravilla,29/01/21 03:57:48,0,???,view comment
,2-1,afp.confia,29/01/21 14:56:23,0,@erikitamaravilla Gracias por escribirnos. Te invitamos a conocer nuestra plataforma #ConfÃ­aEnCosasBuenas ingresando a confiaencosasbuenas.com (link en bio) para conocer muchos consejos y recomendaciones que tenemos para ti.,view comment
,2-2,erikitamaravilla,29/01/21 16:22:12,0,@afp.confia Gracias,view comment
3,,cecy7571,29/01/21 21:15:13,0,Buenas que alguien me diga que debo aser para tener el aumento ala pensiÃ³n mÃ­nima yo estoy pensionado por invalidez y mÃ­ nÃºmero de dui 03690620-0 Alex Mauricio Alvarado MartÃ­nez favor ayudarme gracias,view comment
,3-1,afp.confia,29/01/21 21:24:10,1,"@cecy7571 Buen diÌa. Te comentamos que las pensiones de enero y los complementos de pensioÌn minima ya han sido abonados.Si has presentado inconvenientes o tienes dudas, debes llamar al 2267-7777, opcioÌn 0, para brindarte una asesoriÌa maÌs integral. SeraÌ un gusto atenderte.",view comment
,3-2,cecy7571,29/01/21 21:46:13,0,@afp.confia buenas si yo ya fui a sacar la pensiÃ³n de enero pero el complemento de la pensiÃ³n mÃ­nima no apareciÃ³ nada he querido hablar con unos de ustedes y no con testan gaste mÃ­ saldo y nada dan un mal servicio,view comment
1,,lulurivera74,15/01/21 10:45:26,0,Necesito saber si ya llenÃ© los datos para el anticipo me hablarÃ¡n o me enviaran correo porque llamo y en el. NÃºmero que dan se va el saldo y no lo atienden sÃ³lo grabaciones,view comment
,1-1,afp.confia,15/01/21 15:13:01,1,"@lulurivera74 Buen dÃ­a. Para brindarte una asesorÃ­a mÃ¡s integral sobre tu caso, puedes llamar al 2267-7777, opcioÌn 0, o tambiÃ©n escribir por Whatsapp al mismo nuÌmero (wa.me/50322677777) Para ser atendido por un Asesor, debes enviar la palabra â€œAyudaâ€ en dicha plataforma. Si lo prefieres, puedes escribirnos un mensaje en Facebook Messenger y solicitar el mismo tipo de atenciÃ³n.",view comment
2,,mirianarmidasintigohernande,15/01/21 22:23:44,0,no asÃ­ nadie podrÃ¡ hacer nada esto de lo  virtual no sirve ya que,view comment
3,,cecy7571,22/01/21 16:09:01,0,Cuando van a pagar lo de enero siempre saben pagar antes de la fecha,view comment
,3-1,afp.confia,22/01/21 16:16:02,0,@cecy7571 Buen dÃ­a. Te comentamos que las pensiones de enero ya han sido abonadas.,view comment
4,,tigre1531,24/01/21 03:58:01,0,"Buen dÃ­a , pueden darme informaciÃ³n para poder solicitar el anticipo de saldo , al que por ley se puede ...al cumplir los 50 anos , gracias",view comment
,4-1,afp.confia,25/01/21 15:52:21,0,"@tigre1531 Hola. Con respecto al trÃ¡mite de anticipo de saldo, si cumples con todos los requisitos que exige este aÃ±o la Ley SAP de El Salvador (no debes estar pensionado/a, tener registradas al menos 10 aÃ±os de cotizaciones continuas o discontinuas, y tener la edad requerida en 2021: mujeres, 45 aÃ±os o mÃ¡s y hombres, 50 aÃ±os o mÃ¡s), puedes iniciar hoy mismo tu trÃ¡mite en lÃ­nea sin necesidad de visitar una agencia, ingresando al siguiente enlace: https://www.mianticipoconfia.com",view comment
,4-2,tigre1531,25/01/21 19:06:56,1,@afp.confia gracias,view comment
1,,rsandrabetty,06/01/21 00:26:46,1,Yo necesito mÃ­ historial de trabajo ğŸ˜®,view comment
,1-1,afp.confia,06/01/21 16:49:01,0,"@rsandrabetty Con gusto. Puedes solicitar tu historial laboral escribiendo por Whatsapp al 2267-7777 o a nuestro Facebook Messenger. En dichas plataformas, solicita la ayuda de un Asesor para que podamos brindarte atencioÌn personalizada. TambiÃ©n puedes pedirlo vÃ­a telefÃ³nica al 2267-7777 (opcioÌn 0). Si tienes tu correo electrÃ³nico registrado en nuestro sistema lo puedes descargar desde #ConfÃ­aVirtual. Por motivos de seguridad no podemos enviarlo por este medio. Agradecemos tu comprensioÌn.",view comment
2,,herr.erapatricio,06/01/21 02:57:59,0,Nesecito miestado de cuenta HernÃ¡n Patricio Herrera,view comment
,2-1,afp.confia,06/01/21 16:50:37,0,"@herr.erapatricio Con gusto. Puedes solicitar tu estado de cuenta escribiendo por Whatsapp al 2267-7777 o a nuestro Facebook Messenger. En dichas plataformas, solicita la ayuda de un Asesor para que podamos brindarte atencioÌn personalizada. TambiÃ©n puedes pedirlo vÃ­a telefÃ³nica al 2267-7777 (opcioÌn 0). Si tienes tu correo electrÃ³nico registrado en nuestro sistema lo puedes descargar desde #ConfÃ­aVirtual. Por motivos de seguridad no podemos enviarlo por este medio. Agradecemos tu comprensioÌn.",view comment
3,,jeaneth.____,18/01/21 23:09:11,0,Mentiras yo pregunto y no me disen nada de mi estado de cuenta,view comment
,3-1,afp.confia,19/02/21 15:41:21,0,"@jeaneth.____ Buen dÃ­a. Para actualizar tus datos de contacto y activar la comunicaciÃ³n electrÃ³nica en AFP ConfÃ­a, debes llamar al 2267-7777, opcioÌn 0. Por motivos de seguridad no podemos hacerlo a travÃ©s de otro medio.",view comment
4,,doritta27,19/01/21 03:08:04,0,Necesito mi estado de cuenta,view comment
,4-1,afp.confia,19/01/21 15:34:52,0,"@doritta18 Buen dÃ­a.  Solicita tu estado de cuenta escribiÃ©ndonos a Whatsapp (+503 2267-7777) http://wa.me/50322677777 o mandando un mensaje a nuestro Facebook Messenger http://m.me/AFPCONFIA, y lo recibirÃ¡s automÃ¡ticamente en tu correo electrÃ³nico. Tessa, nuestra asistente virtual, te guiarÃ¡ en el proceso. Si aÃºn no has registrado tu correo electrÃ³nico, por motivos de seguridad debes hacerlo llamando al 2267-7777, opciÃ³n 0.",view comment
5,,herr.erapatricio,19/02/21 14:32:23,0,ğŸ‘,view comment
6,,jeaneth.____,23/02/21 20:25:20,0,Buenas tardes. Me a se el favor de darme un estado de cuenta gracias,view comment
,6-1,afp.confia,23/02/21 20:29:16,0,"@jeaneth.____ Buen dÃ­a.  Solicita tu estado de cuenta escribiÃ©ndonos a Whatsapp (+503 2267-7777) o mandando un mensaje a nuestro Facebook Messenger, y lo recibirÃ¡s automÃ¡ticamente en tu correo electrÃ³nico. Tessa, nuestra asistente virtual, te guiarÃ¡ en el proceso. Si aÃºn no has registrado tu correo electrÃ³nico, por motivos de seguridad debes hacerlo llamando al 2267-7777, opciÃ³n 0.",view comment
1,,miguelmelendez77,31/01/21 20:10:10,0,Pero chicos poned el enlace ğŸ¤¦â€â™‚ï¸,view comment
,1-1,afp.confia,31/01/21 20:18:47,0,"@miguelmelendez77 como lo indicamos en la publicaciÃ³n, el link lo encuentras disponible en nuestra bio ğŸ˜‰",view comment
2,,jj73520,01/02/21 17:44:10,0,Disculpe no sÃ© que es su BIO y donde se encuentra,view comment
,2-1,afp.confia,01/02/21 19:57:28,0,@jj73520 Hola. Debes ingresar a nuestro perfil y consultar la informaciÃ³n de contacto de AFP ConfÃ­a.,view comment
1,,juannavarrete624,09/01/21 01:24:24,1,recondo0077@gmail.com,view comment
1,,bonilla5062,12/01/21 05:03:13,0,Quiero saber si puedo obtener el%50 de mi pensiÃ³n,view comment
,1-1,afp.confia,12/01/21 15:25:01,0,"@bonilla5062 Hola. Si cumples con todos los requisitos que exige este aÃ±o la Ley SAP de nuestro paÃ­s (no debes estar pensionado/a, tener registradas al menos 10 aÃ±os de cotizaciones continuas o discontinuas, y tener la edad requerida en 2021: mujeres, 45 aÃ±os o mÃ¡s y hombres, 50 aÃ±os o mÃ¡s), puedes iniciar hoy mismo tu trÃ¡mite de anticipo de saldo, sin necesidad de visitar una agencia, ingresando al siguiente enlace: https://www.mianticipoconfia.com",view comment
,1-2,bonilla5062,13/01/21 21:26:49,0,@bonilla5062 sÃ³lo tengo 35 aÃ±os y ya no cotizo como empleado,view comment
2,,nesttor_romero,12/01/21 06:32:48,1,Yo quiero saber si puedo recibir un adelanto de mi pensiÃ³n,view comment
,2-1,afp.confia,12/01/21 15:24:48,1,"@nesttor_romero Hola. Si cumples con todos los requisitos que exige este aÃ±o la Ley SAP de nuestro paÃ­s (no debes estar pensionado/a, tener registradas al menos 10 aÃ±os de cotizaciones continuas o discontinuas, y tener la edad requerida en 2021: mujeres, 45 aÃ±os o mÃ¡s y hombres, 50 aÃ±os o mÃ¡s), puedes iniciar hoy mismo tu trÃ¡mite de anticipo de saldo, sin necesidad de visitar una agencia, ingresando al siguiente enlace: https://www.mianticipoconfia.com",view comment
3,,bonilla5062,13/01/21 21:29:11,0,Y para solicitar un prÃ©stamo de dÃ© mi Ã¡horro,view comment
,3-1,afp.confia,13/01/21 21:30:00,1,"@bonilla5062 Hola. Con respecto al trÃ¡mite de anticipo de saldo, si cumples con todos los requisitos que exige este aÃ±o la Ley SAP de El Salvador (no debes estar pensionado/a, tener registradas al menos 10 aÃ±os de cotizaciones continuas o discontinuas, y tener la edad requerida en 2021: mujeres, 45 aÃ±os o mÃ¡s y hombres, 50 aÃ±os o mÃ¡s), puedes iniciar hoy mismo tu trÃ¡mite en lÃ­nea sin necesidad de visitar una agencia, ingresando al siguiente enlace: https://www.mianticipoconfia.com",view comment
4,,cesi_cruzz,18/01/21 20:41:43,0,"Hola yo estudio en la UNAB, solamente debo enviar mi constancia de estudio?",view comment
,4-1,afp.confia,18/01/21 20:43:36,0,@cesi_cruzz Hola. EnvÃ­anos un mensaje directo para brindarte la informaciÃ³n completa ;),view comment
1,,bonilla5062,23/01/21 03:17:42,0,â¤ï¸,view comment
1,,maria__elena_mk,26/01/21 17:16:06,0,A donde envÃ­o mi correo,view comment
,1-1,afp.confia,26/01/21 17:46:27,0,"@maria__elena_mk Debes activar la comunicaciÃ³n electrÃ³nica, debes llamar al 2267-7777 (opciÃ³n 0). Por motivos de seguridad, debes hacerlo por dicho canal.",view comment
2,,rojasmariopalma90,27/01/21 21:42:17,0,Minonvrees Mario Ernesto rojas Flores micoreo es mariofrojas20@gmail.com,view comment
,2-1,afp.confia,27/01/21 21:55:12,0,"@rojasmariopalma90 Buen dÃ­a. Para actualizar tus datos de contacto y activar la comunicaciÃ³n electrÃ³nica en AFP ConfÃ­a, debes llamar al 2267-7777, opcioÌn 0. Por motivos de seguridad no podemos hacerlo a travÃ©s de otro medio.",view comment
1,,decruzyessi,17/01/21 00:10:38,0,Quiero informaciÃ³n,view comment
1,,lorenita_saenz,22/01/21 01:05:56,1,@katypaniagua,view comment
2,,melara.nadine,22/01/21 14:05:16,1,Excelente coach @katypaniagua,view comment
1,,alicampos2950,18/01/21 18:45:48,0,ğŸ˜¢ğŸ˜¢ğŸ˜¢ğŸ˜¢,view comment
2,,jeaneth.____,18/01/21 23:07:24,1,Yo lo que quiero un estado de cuenta de mis ahorros.,view comment
,2-1,eufemialemus,19/01/21 19:57:09,0,@afp.confia yo kiero un 25% de mis ahorros xq me an suspendido en el trabajo y lo necesito,view comment
,2-2,afp.confia,19/01/21 20:37:16,0,"@eufemialemus Hola. Con respecto al trÃ¡mite de anticipo de saldo, si cumples con todos los requisitos que exige este aÃ±o la Ley SAP de El Salvador (no debes estar pensionado/a, tener registradas al menos 10 aÃ±os de cotizaciones continuas o discontinuas, y tener la edad requerida en 2021: mujeres, 45 aÃ±os o mÃ¡s y hombres, 50 aÃ±os o mÃ¡s), puedes iniciar hoy mismo tu trÃ¡mite en lÃ­nea sin necesidad de visitar una agencia, ingresando al siguiente enlace: https://www.mianticipoconfia.com",view comment
,2-3,eufemialemus,19/01/21 21:19:21,0,@afp.confia fijese yo ingrese el correo y me pide una contraceÃ±a y no se cual poner si esq ustedes me la van a enviar,view comment
3,,clau.alvarado65,19/01/21 02:56:17,1,"Buenas noches,.pueden proporcionar el historial laboral por este medio?",view comment
,3-1,afp.confia,19/01/21 15:35:39,0,"@clau.alvarado65 Puedes solicitar tu historial laboral escribiendo por Whatsapp al 2267-7777 o a nuestro Facebook Messenger. En dichas plataformas, solicita la ayuda de un Asesor para que podamos brindarte atencioÌn personalizada. TambiÃ©n puedes pedirlo vÃ­a telefÃ³nica al 2267-7777 (opcioÌn 0). Si tienes tu correo electrÃ³nico registrado en nuestro sistema lo puedes descargar desde #ConfÃ­aVirtual: https://virtualafpconfia.com/web/afiliado. Por motivos de seguridad no podemos enviarlo por este medio. Agradecemos tu comprensioÌn.",view comment
,3-2,cerrito_xiomara,19/01/21 15:56:48,0,@afp.confia buen dÃ­a .....pero si no contestan ninguna plataforma ...q puede hacer uno pues ğŸ™„ğŸ¤¦,view comment
4,,fenandoare,20/01/21 18:01:36,0,Quiero un estado de cuenta de mis ahorros,view comment
,4-1,afp.confia,20/01/21 18:07:00,0,"@fenandoare Solicita tu estado de cuenta por Whatsapp (+503 2267-7777) o Facebook Messenger, y lo recibirÃ¡s automÃ¡ticamente en tu correo electrÃ³nico registrado. Tessa, nuestra asistente virtual, te guiarÃ¡ en el proceso.",view comment
5,,joseangelderasabarca,03/02/21 22:02:57,0,tardes como solicito estado de cuenta,view comment
,5-1,afp.confia,03/02/21 22:03:57,0,"@joseangelderasabarca Buen dÃ­a.  Solicita tu estado de cuenta escribiÃ©ndonos a Whatsapp (+503 2267-7777) o mandando un mensaje a nuestro Facebook Messenger, y lo recibirÃ¡s automÃ¡ticamente en tu correo electrÃ³nico. Tessa, nuestra asistente virtual, te guiarÃ¡ en el proceso. Si aÃºn no has registrado tu correo electrÃ³nico, por motivos de seguridad debes hacerlo llamando al 2267-7777, opciÃ³n 0.",view comment
1,,ceronjdavid,08/04/21 03:17:14,1,"Nada menos hoy hable para solicitar un estado de cuenta y me hicieron esperar mÃ¡s de diez minutos solamente para cuando me atendiÃ³ la ejecutiva me volviÃ³ a dejar en modo de espera y corto la llamada, a todo esto mas de 15 minutos perdidos.. Y no se dignaron en devolverme la llamada.. ğŸ¤”",view comment
,1-1,afp.confia,09/04/21 00:24:56,1,"@ceronjdavid Buen dÃ­a. Gracias por contactarnos y por tu retroalimentaciÃ³n. Â¿Puedes enviarnos en un mensaje directo tu nombre completo, DUI, telÃ©fono y correo electrÃ³nico para poder contactarte? AsÃ­ podremos conocer mejor tu caso y ayudarte con la gestiÃ³n. Quedamos a la espera.",view comment
1,,quirmanuelantonio,19/04/21 04:46:16,0,Envien mi fecha que debo informar mi sobrevivencia y como hacerlo.,view comment
,1-1,afp.confia,19/04/21 14:47:24,0,"@quirmanuelantonio Buen dÃ­a. Para brindarte una asesorÃ­a mÃ¡s integral sobre tu caso, puedes llamar al 2267-7777, opcioÌn 0, si no tambiÃ©n escribir por Whatsapp al mismo nuÌmero (+503 22677777) Recuerda que, para ser atendido por un Asesor, debes enviar la palabra â€œAyudaâ€ en dicha plataforma. Si lo prefieres, puedes escribirnos un mensaje privado en Facebook Messenger y solicitar ser atendido por un Asesor.",view comment
,1-2,quirmanuelantonio,22/04/21 13:26:15,0,@afp.confia ..ayuda 26677777,view comment
,1-3,afp.confia,22/04/21 15:09:40,0,@quirmanuelantonio Por este medio no podemos brindarle seguimiento a tu solicitud. Te invitamos a escribir por Whatsapp al +503 22-677777.,view comment
1,,arias03_03,19/04/21 21:56:29,0,Me explica o le da mÃ¡s informaciÃ³n de a que se refiere,view comment
,1-1,afp.confia,20/04/21 14:53:30,1,"@arias03_03 Buen dÃ­a. Â¡Con gusto! Te invitamos a ingresar al siguiente enlace web: https://www.confia.com.sv/web/guest/apv/beneficios-del-apv En dicho link encontrarÃ¡s la informaciÃ³n completa sobre nuestro nuevo producto Proyecta 5 Plus y podrÃ¡s pre-vincularte al mismo. Si nos envÃ­as un mensaje directo, te enviamos por dicho medio el enlace.",view comment
2,,lilithaaguilar,22/04/21 21:27:55,0,Me explican x favor,view comment
,2-1,afp.confia,22/04/21 21:36:56,0,@lilithaaguilar Buen dÃ­a. Â¡Con gusto! Te invitamos a ingresar al siguiente enlace web: https://www.confia.com.sv/web/guest/apv/beneficios-del-apv En dicho link encontrarÃ¡s la informaciÃ³n completa sobre nuestro nuevo producto Proyecta 5 Plus y podrÃ¡s pre-vincularte al mismo. EnvÃ­anos un mensaje privado para enviarte el enlace directamente ;),view comment
1,,davidgalvez1215,23/04/21 00:44:50,1,Gracias por su servicios.,view comment
,1-1,afp.confia,23/04/21 00:45:31,0,@davidgalvez1215 Estamos para servirte.,view comment
,1-2,davidgalvez1215,23/04/21 00:47:12,0,@afp.confia Excelente por sus atenciones.,view comment
2,,patytejada87,23/04/21 01:02:00,1,Muchas gracias por avisarğŸ™,view comment
,2-1,afp.confia,23/04/21 01:05:10,1,@patytejada87 para servirte. Feliz noche.,view comment
3,,iuis.bonilla1952,23/04/21 01:25:13,1,â¤ï¸â¤ï¸â¤ï¸â¤ï¸â¤ï¸,view comment
4,,lili_gonzalez92,23/04/21 03:18:11,1,Muchas gracias yo fui hoy tarde y efectivamente ya estaba el pago en mi cuenta bancaria bendiciones,view comment
5,,paizfrancisco,23/04/21 03:37:06,1,Gracias!!! Son lo mÃ¡ximo.,view comment
6,,manuelde152,23/04/21 03:54:55,1,Muchas gracias no saben cuÃ¡nto nos ayudan con esto de adelantar la pensiÃ³n,view comment
7,,franciscoes997,23/04/21 13:42:16,1,"Buenos dÃ­as Gracias, gracias saludos",view comment
8,,quirmanuelantonio,23/04/21 14:02:32,1,â¤ï¸,view comment
9,,arknoah1959,23/04/21 17:22:01,1,"Gracias por avisar, buen dia !!!!!!",view comment
10,,isabeldeerrington,24/04/21 02:29:04,0,Actualicen el calendario que enviaron .,view comment
11,,yani.santos.96,24/04/21 13:46:33,0,Gracias,view comment
1,,joseangelderasabarca,27/04/21 17:21:28,0,No encuentro donde lo asen  sin una gia,view comment
1,,javierayala33,27/04/21 19:44:28,0,Bueno grasiÃ¡s,view comment
1,,quirmanuelantonio,30/04/21 16:12:45,0,"Hola soy 167982020000,quiero saber cuando debo enviar reporte para sobrevivencia.",view comment
,1-1,afp.confia,30/04/21 16:20:29,1,"@quirmanuelantonio Buen dÃ­a. Para brindarte una asesorÃ­a mÃ¡s integral sobre tu caso, puedes llamar al 2267-7777, opcioÌn 0, si no tambiÃ©n escribir por Whatsapp al mismo nuÌmero. Recuerda que, para ser atendido por un Asesor, debes enviar la palabra â€œAyudaâ€ en dicha plataforma. Si lo prefieres, puedes escribirnos un inbox en Facebook Messenger y solicitar ser atendido por un Asesor.",view comment
1,,claudia195241,03/05/21 17:56:33,0,Favor si me pueden decir como funcipna este plan? Gracias,view comment
,1-1,afp.confia,03/05/21 20:54:43,0,"@claudia195241 Hola, Claudia. Â¿Puedes enviarnos un mensaje directo para proporcionarte mÃ¡s informaciÃ³n? Quedamos a la espera.",view comment
,1-2,claudia195241,05/05/21 00:45:18,0,@afp.confia Gracias,view comment
1,,ivanzetino2016,07/05/21 02:02:18,0,Hola buenas noches sera que me puede dar informaciÃ³n para el retiro de la mitad de mis ahorrosğŸ˜®ğŸ˜®ğŸ˜®,view comment
,1-1,afp.confia,07/05/21 15:16:03,0,"@ivanzetino2016 Buen dÃ­a. Para brindarte una asesorÃ­a mÃ¡s integral sobre tu caso, puedes llamar al 2267-7777, opcioÌn 0, si no tambiÃ©n escribir por Whatsapp al mismo nuÌmero. Recuerda que, para ser atendido por un Asesor, debes enviar la palabra â€œAyudaâ€ en dicha plataforma. Si lo prefieres, puedes escribirnos un mensaje privado en Facebook Messenger y solicitar ser atendido por un Asesor.",view comment
2,,edwinmartinez338,07/05/21 05:51:27,0,Necesito retirar mis ahorros me dan informacion,view comment
,2-1,afp.confia,07/05/21 15:15:45,0,"@edwinmartinez338 Buen dÃ­a. Para brindarte una asesorÃ­a mÃ¡s integral sobre tu caso, puedes llamar al 2267-7777, opcioÌn 0, si no tambiÃ©n escribir por Whatsapp al mismo nuÌmero. Recuerda que, para ser atendido por un Asesor, debes enviar la palabra â€œAyudaâ€ en dicha plataforma. Si lo prefieres, puedes escribirnos un mensaje privado en Facebook Messenger y solicitar ser atendido por un Asesor.",view comment
1,,mary_nolasco60,05/05/21 21:27:47,0,Gracias,view comment
2,,salvadorportillo35,06/05/21 15:24:48,1,Pregunta si alguien estÃ¡ listo para iniciar su trÃ¡mite de pensiÃ³n en @afpcrecersv puede todavÃ­a cambiarse a @afpconfia ?,view comment
,2-1,afp.confia,06/05/21 19:50:05,0,"@salvadorportillo35 Buen dÃ­a. SegÃºn la Ley del Sistema de Ahorro para Pensiones no hay ningÃºn impedimento para poder realizar el traspaso; sin embargo, advertimos que dichoÂ proceso demorarÃ¡ mucho mÃ¡s el inicio de tu trÃ¡mite de retiro debido a la vigencia del traspaso. Para recibir una mejor asesorÃ­a, te invitamos a llamar al 2267-7777, opciÃ³n 0.",view comment
,2-2,salvadorportillo35,13/05/21 17:48:22,0,@afp.confia ok llamarÃ©,view comment
,2-3,salvadorportillo35,13/05/21 17:48:52,0,@afpcrecersv ya les respondÃ­,view comment
1,,marthaliliamquijada,06/05/21 17:23:42,0,Quiero inscribirme para teatro poma 13 de mayo 2021,view comment
,1-1,afp.confia,06/05/21 17:35:26,0,@marthaliliamquijada Con gusto. EnvÃ­anos un mensaje directo para poder propocionarte en link de registro.,view comment
2,,veronica.quijada.940,06/05/21 21:59:53,0,Quiero inscribirme para el teatro Luis Poma,view comment
,2-1,afp.confia,06/05/21 22:05:07,0,@veronica.quijada.940 Con gusto. EnvÃ­anos un mensaje directo para poder propocionarte en link de registro.,view comment
,2-2,crissthamaya,08/05/21 03:56:23,0,@afp.confia hola como hago para poder verla,view comment
,2-3,afp.confia,08/05/21 14:27:33,0,@crissthamaya Con gusto. EnvÃ­anos un mensaje directo para poder propocionarte en link de registro.,view comment
3,,osorio2440,07/05/21 11:22:28,0,El cabernicola tambiÃ©n serÃ­a bueno ğŸ‘,view comment
,3-1,afp.confia,07/05/21 14:37:42,0,"@osorio2440 en el 2021, venimos con muchas sopresas y buenas obras de teatro. Te invitamos a estar pendientes de nuestras redes sociales ;)",view comment
4,,veronica.quijada.940,07/05/21 19:13:53,0,"Buenos dÃ­as, perdÃ³n, cuÃ¡l es el costo del boleto?",view comment
,4-1,afp.confia,07/05/21 19:29:17,0,@veronica.quijada.940 es gratuito para todos nuestros afiliados y pensionados ğŸ˜ƒ,view comment
5,,ana.barrera0403,12/05/21 18:37:29,0,Interesante si llegarÃ¡ a San Miguel.,view comment
,5-1,afp.confia,12/05/21 18:49:58,0,@ana.barrera0403 es en lÃ­nea ;) Puedes verlo desde tu casa. EnvÃ­anos un mensaje directo para poder enviarte el link y puedas registrarte.,view comment
1,,tathyalvarenga,08/05/21 11:19:20,0,"Mi esposo cumple un aÃ±o de haber fallecido el otro mes y han sido incapaces de resolver mi situaciÃ³n, tengo dos hijos y deudas cque oagar y cada vez que me hacen ""LA FAMOSA LLAMADA"" falta algo, lonultimo fie que la asesora a la que envÃ­e mi informaciÃ³n ""nibla recibiÃ³"" para lueho dsrse cuenta que nobse habia fijadp que ahi estaba",view comment
,1-1,tathyalvarenga,08/05/21 18:28:51,0,@afp.confia ahora mismo envio todas las pruebas de mis palabras u espero que se haga algo al respecto no puedo seguir en esta situaciÃ³n,view comment
,1-2,andrea_elisa_arce,09/05/21 22:52:43,1,"@afp.confia seÃ±ores me parece indignante la forma tan â€œmecÃ¡nicaâ€ con la que contestan, mÃ­nimo el protocolo que alguien les indicio, pero seÃ±ores mayor empatÃ­a y mÃ¡s soluciÃ³n, aquÃ­ no interesan las condolencias, no interesa sus procesos, no es necesario la evidencia de los correos, no que hay demostrar, lo que interesa es resolver, mÃ¡s acciÃ³n y menos palabras",view comment
,1-3,tathyalvarenga,10/05/21 03:07:17,1,"@andrea_elisa_arce muchas gracias, me hacen ver como responsable o como si estuviera mintiendo, es el peor momento de mi vida y respinden de esta manera es indignante.",view comment
1,,ramossilviaester,13/05/21 03:15:20,0,Yo lo que quiero es un anticipo por favor,view comment
,1-1,afp.confia,13/05/21 15:12:32,2,"@ramossilviaester Buen dÃ­a. Con respecto al trÃ¡mite de anticipo de saldo, debes cumplir los requisitos que exige este aÃ±o la Ley SAP de El Salvador: -	No debes estar pensionado/a -	Tener registradas al menos 10 aÃ±os de cotizaciones continuas o discontinuas -	Cumplir la edad requerida en 2021: mujeres, 45 aÃ±os o mÃ¡s y hombres, 50 aÃ±os o mÃ¡s) Si cumples con todos los requisitos anteriores, puedes iniciar hoy mismo tu trÃ¡mite en lÃ­nea sin necesidad de visitar una agencia, ingresando al siguiente enlace: https://www.mianticipoconfia.com",view comment
1,,mi_voquita,18/05/21 18:07:57,0,Como puedo descargar mi estado de cuenta,view comment
,1-1,afp.confia,18/05/21 19:08:05,0,"@mi_voquita Buen dÃ­a. Solicita tu estado de cuenta escribiÃ©ndonos a Whatsapp (+503 2267-7777) o mandando un mensaje a nuestro Facebook Messenger, y lo recibirÃ¡s automÃ¡ticamente en tu correo electrÃ³nico. Tessa, nuestra asistente virtual, te guiarÃ¡ en el proceso. Si aÃºn no has registrado tu correo electrÃ³nico, por motivos de seguridad debes hacerlo llamando al 2267-7777, opciÃ³n 0.",view comment
1,,anahernandez3739,20/05/21 20:48:07,1,La pesadilla mÃ¡s grande de mi vida solo son pretexto para no dar algo q es mio y sus magestuosas citas de 2 a 3 meses salen que incompetencia mÃ¡s grandeee,view comment
1,,ayaladejovel,04/02/21 00:42:52,0,ğŸ˜‚ğŸ˜‚Nesesito  sita,view comment
,1-1,afp.confia,04/02/21 16:39:41,1,@ayaladejovel Con gusto. Debes programar tu cita desde www.confia.com.sv o llamando al 2267-7777.,view comment
1,,rigolopez141,06/02/21 17:23:19,0,ğŸ‘,view comment
2,,carlos_alvarenga15,08/02/21 02:57:07,0,Buenas noches mi nonbre es carlos Alvarenga y tengo mas de 15 dias de pedir un estado de cuenta y pues no medan informasion y ninguna respuesta de nada,view comment
,2-1,afp.confia,08/02/21 15:36:45,0,"@carlos_alvarenga15 Buen dÃ­a, Carlos. Â¿TÃº correo electrÃ³nico ya lo tienes registrado en nuestra base de datos? Sin eso no es posible hacerte llegar la informaciÃ³n.",view comment
1,,waltergomezpalacios,10/02/21 10:07:42,0,Ok,view comment
2,,waltergomezpalacios,10/02/21 10:09:20,0,Cuanto se paga en el consulado por la certificaciÃ³n de los documentos y su envÃ­o,view comment
,2-1,afp.confia,10/02/21 15:12:56,0,"@waltergomezpalacios Buen dÃ­a. Para ampliar dicha informaciÃ³n, te recomendamos contactar directamente a tu consulado ya que no poseemos dicha informaciÃ³n. Ingresa en portalcitas.rree.gob.sv para conocer mÃ¡s detalles.",view comment
3,,waltergomezpalacios,10/02/21 21:14:07,0,Ok,view comment
4,,rahd079,11/02/21 14:07:57,0,"Que tiempo dura el proceso, ya que llevo desde el 01 de diciembre de 2020 y no me an devuelto mi dinero, para la cual segÃºn el asesor de confia en la resoluciÃ³n firmada decis que el 29 de enero de 2020 serÃ­a el deposito y hasta el dÃ­a de hoy nada",view comment
1,,javierayala33,22/02/21 19:34:42,0,Buenas mi pregunta es hay aumento de cuota  o es la misma cuota grasiad espero su respuesta favorable,view comment
2,,arroz.9artiga,22/02/21 20:32:56,0,Pues a mi madre siempre le toca en Julio el control de sobrevivencia y pues no se si ya se puede ir al banco buen dÃ­a bendiciones,view comment
3,,claudia195241,22/02/21 21:15:43,0,Gracias ğŸ™,view comment
4,,cardona_noemy,22/02/21 21:35:46,0,Gracias bendiciones,view comment
5,,cecy7571,22/02/21 22:25:30,0,Buenas quiero saber porque no depositaron el aumento de la pensiÃ³n mÃ­nima en el pago de pensiÃ³n,view comment
,5-1,afp.confia,22/02/21 22:33:14,2,"@cecy7571 El complemento a la pensiÃ³n mÃ­nima serÃ¡ abonado hasta maÃ±ana, la fecha de pago programada en el calendario 2021, cuando el Ministerio de Hacienda haga la transferencia de fondos respectiva. Saludos.",view comment
,5-2,cecy7571,22/02/21 22:40:27,1,@afp.confia gracias por su valiosa informacion,view comment
6,,oscargarcia1593,22/02/21 23:38:18,0,Quiero una cita con ustedes,view comment
,6-1,afp.confia,22/02/21 23:50:44,0,"@oscargarcia1593 Buen dÃ­a. Las agencias que se encuentran brindando atenciÃ³n de forma presencial por medio de citas son: Central (por El Salvador del Mundo), Soyapango, Sonsonate, Santa Ana y San Miguel.  Debes ingresar a http://bit.ly/citasafpconfia o llamar al 2267-7777 para programar tu cita, ya sea en agencia o por medio de videollamada.",view comment
7,,mariagomez5855,23/02/21 01:18:37,0,Quiero cita,view comment
8,,fanyalfredo,23/02/21 02:05:49,0,Gracias por la informaciÃ³n muy ImportanteğŸ‘ğŸ‘,view comment
9,,karlavanessa96,23/02/21 02:06:01,0,Buenas noches serÃ¡ que las personas que estÃ¡n por sobrevivencia les saldrÃ¡ el aumento mÃ­nimo gracias ğŸ‘,view comment
,9-1,juarez09nolose,26/02/21 03:06:05,0,@karlavanessa96 nunca responden. Nose entiende aquienes ba a beneficiarğŸ˜”,view comment
10,,davidmena55,23/02/21 05:20:36,0,Soyapangoonesta funcionado la agencia presencial la que etsa frente a wendys me dijeron que ya no funcina domde esgan ubicados,view comment
11,,mauricioedagardo,23/02/21 10:00:06,0,Mil gracias.,view comment
12,,will_lopez73,23/02/21 20:38:32,0,"Muy buenas tardes quisiera saber si va a salir el aumento de la pensiÃ³n,ya que en el depÃ³sito saliÃ³ lo de la pensiÃ³n anterior de antemano gracias.",view comment
,12-1,afp.confia,23/02/21 20:40:36,0,"@will_lopez73 El complemento a la pensiÃ³n mÃ­nima serÃ¡ abonado hasta hoy, la fecha de pago programada en el calendario 2021, cuando el Ministerio de Hacienda haga la transferencia de fondos respectiva. Saludos.",view comment
13,,eduardomolina876,23/02/21 20:58:32,0,"CuÃ¡l es la causa, o el motivo de venir el aumento en otra fecha, o sea que viene en 2 pagos.  Porque no viene en un sÃ³lo pago? { AFP --> ConfÃ­a }",view comment
,13-1,afp.confia,23/02/21 21:03:29,0,"@eduardomolina876  El complemento a la pensiÃ³n mÃ­nima serÃ¡ abonado hasta hoy, la fecha de pago programada en el calendario 2021, cuando el Ministerio de Hacienda haga la transferencia de fondos respectiva. Saludos.",view comment
14,,eduardomolina876,23/02/21 20:59:54,0,(Hablo de la PensiÃ³n MÃ­nima.),view comment
15,,martaeu02,24/02/21 00:05:22,0,Cuando va estar disponible el aumento a la cuota de pencion,view comment
,15-1,afp.confia,24/02/21 00:34:57,0,"@martaeu02 Buen dÃ­a. SÃ­, los complementos a la pensiÃ³n mÃ­nima del mes de febrero ya fueron depositados en su totalidad.",view comment
16,,liliandelcarmenurrutia,24/02/21 00:41:20,0,Muchas gracias! ğŸ‘,view comment
17,,martaeu02,24/02/21 17:23:05,0,Ayer fui a la agecia bancaria y solo estava disponible el pago de la pencion de siempre pero no estava el aumento,view comment
1,,luzde.m.flores,24/02/21 00:09:34,2,Gracias . Hoy recordaba el paseo lleno de arte de 2019.,view comment
,1-1,afp.confia,24/02/21 01:02:43,0,@luzde.m.flores Esperamos nos puedas acompaÃ±ar el jueves ğŸ˜,view comment
2,,luzde.m.flores,24/02/21 02:09:53,1,ğŸ˜,view comment
3,,marthaliliamquijada,24/02/21 15:02:30,0,Yo quiero participar gracias.,view comment
,3-1,afp.confia,24/02/21 15:04:31,1,"@marthaliliamquijada con gusto, envÃ­anos un mensaje privado y te enviaremos el link de registro ğŸ˜‰",view comment
4,,tcmorales,26/02/21 12:44:51,0,â¤ï¸ğŸ˜®ğŸ˜®,view comment
,4-1,afp.confia,26/02/21 23:25:25,0,@tcmorales <3,view comment
1,,lirio38_lemus,05/03/21 00:16:36,0,Sorry ... ni le ayudan a uno con el anticipo ğŸ˜¢,view comment
1,,rosymarroquin09,17/03/21 00:04:35,0,De quÃ© trata?,view comment
2,,jessyf_10,17/03/21 01:58:30,0,De que trata,view comment
3,,delmygaldamez,20/03/21 01:31:22,0,Info,view comment
4,,carmen_rodriguez178,20/03/21 09:59:10,0,InformaciÃ³n por favor.,view comment
5,,elizabethfloressanta,20/03/21 15:35:55,0,Buen dia pueden darme informacion?,view comment
1,,cecy7571,24/03/21 03:50:25,1,Cuando van a pagar marzo 2021,view comment
2,,magaly_perez_dlc,24/03/21 04:31:00,0,"Como puedo sacar de nuevo mi tarjeta es que me la robaron, y de ser asÃ­ cual es el costo?",view comment
,2-1,afp.confia,24/03/21 17:06:09,1,"@magaly_perez_dlc Buen dÃ­a. Puedes descargar tu carnÃ© ConfÃ­a desde nuestra plataforma #ConfÃ­a Virtual. Ingresa a nuestro sitio web www.confia.com.sv con tu usuario y constraseÃ±a. Si todavÃ­a no tienes correo electrÃ³nico registrado, debes llamar al 2267-7777, opciÃ³n 0.",view comment
,2-2,afp.confia,24/03/21 17:06:41,1,"@magaly_perez_dlc TambiÃ©n puedes solicitar tu carnÃ© ConfÃ­a en cualquiera de nuestras agencias: Central, Soyapango, Sonsonate, Santa Ana o San Miguel. El trÃ¡mite es gratuito.",view comment
3,,wilberantony.359,24/03/21 16:45:58,0,"Buen dÃ­a, Â¿Cuando van a pagar este mes de Marzo ?",view comment
,3-1,afp.confia,24/03/21 17:03:06,1,"@wilberantony.359 Buen dÃ­a. SegÃºn el calendario de pagos 2021, se tiene programado que todos los abonos de pensiÃ³n estÃ©n maÃ±ana 25 de marzo. En nuestras redes sociales notificaremos cuando se hayan realizado.",view comment
4,,marlene.deramirez,25/03/21 05:41:55,0,Como puedo hacer una  cita?,view comment
,4-1,afp.confia,25/03/21 15:30:59,0,@marlene.deramirez Buen dÃ­a. Â¿QuÃ© trÃ¡mite necesitas realizar?,view comment
1,,ml2816713,24/05/21 00:57:17,1,Como,view comment
,1-1,afp.confia,24/05/21 02:33:39,2,@ml2816713 Puedes buscarnos en Spotify como AFP ConfÃ­a y disfrutar todas las playlists que hemos preparado para ti. Son horas de mÃºsica para todos los gustos.,view comment
1,,rigolopez141,07/02/21 22:59:38,0,ğŸ‘10,view comment
1,,videsanamarta,13/02/21 01:13:31,1,"Excelente servicio, gracias",view comment
2,,elizabethcastro7445,13/02/21 13:31:59,1,Nunca dan respuesta,view comment
1,,or53876,15/03/21 23:54:53,1,ğŸ˜®,view comment
1,,annpaty1,03/03/21 21:35:02,0,?,view comment
1,,marialuisaacostafigueroa,09/03/21 18:02:35,0,Que dÃ­as atienden para solicitar adelanto de jubilaciÃ³n,view comment
,1-1,afp.confia,16/03/21 16:01:06,0,"@marialuisaacostafigueroa Te invitamos a recibir asesorÃ­a solicitando una cita mediante videollamada, ya que dichos trÃ¡mites puedes iniciarlo en lÃ­nea. Ingresa a ğŸ’» www.confia.com.sv o llÃ¡manos al ğŸ“ 2267-7777",view comment
2,,oscargarcia1593,10/03/21 02:06:43,0,A mi deben mi devoluciÃ³n de saldo del aÃ±o pasado.,view comment
,2-1,afp.confia,16/03/21 16:01:45,0,"Buen dÃ­a. Para brindarte una asesorÃ­a mÃ¡s integral sobre tu caso, puedes llamar al 2267-7777, opcioÌn 0, si no tambiÃ©n escribir por Whatsapp al mismo nuÌmero (wa.me/50322677777) Recuerda que, para ser atendido por un Asesor, debes enviar la palabra â€œAyudaâ€ en dicha plataforma. Si lo prefieres, puedes escribirnos un mensaje privado en Facebook Messenger y solicitar ser atendido por un Asesor.@oscargarcia1593",view comment
1,,anaedith52,10/03/21 20:19:17,1,â¤ï¸,view comment
2,,esponleyla,10/03/21 23:56:26,0,CuÃ¡nto se estÃ¡ una solicitud de saldo para recidencia en el extrangero,view comment
1,,cecilia.roque.58,21/03/21 18:52:49,0,ğŸ˜®,view comment
1,,enriquera3,26/03/21 20:30:09,0,Espectacular Â¡Â¡Â¡Â¡Â¡Â¡,view comment
1,,patytejada87,24/05/21 23:55:29,1,Muchas gracias por informar.,view comment
1,,irwinfernandofranco,02/02/21 03:17:17,0,De q se trata 5plus,view comment
,1-1,domenico.aventura,02/02/21 05:03:47,0,"@irwinfernandofranco es una cuenta de ahorro voluntario creada para alcanzar tu meta de ahorro y lograr lo que mÃ¡s quieres, estudios, viajes, compra de casa, compra de carro, incluso para complementar tu monto de pension al retirarte etc. Esta cuenta te brinda muchos beneficios incluida una excelente rentabilidad...",view comment
2,,channel_alvarez1,02/02/21 12:31:33,0,Asi es podria brindarme informaciÃ³n,view comment
3,,mirianarmidasintigohernande,02/02/21 12:48:34,0,todos hoy en dÃ­a eso queremos pero sin un banco o otras prestaciones no se podrÃ¡ porque tw piden asta lo que aun no tienes,view comment
4,,or53876,16/03/21 00:00:11,1,De quÃ© sÃ© trata 5plus,view comment
5,,normaven2017,04/04/21 02:45:11,0,Quisiera informacion si la afp se puede hacer un prestamo,view comment
1,,roxxiel,14/02/21 05:51:14,0,"CuÃ¡les son los requisitos para inscribirse como persona natural, teniendo dos empleados? Ya estamos inscritos en el ISSS.",view comment
,1-1,afp.confia,15/02/21 15:20:27,0,"@roxxiel Buenos dÃ­as. Puedes encontrar toda la informaciÃ³n, y descargar los formularios de registro en nuestro sitio web. Puedes ingresar en https://www.confia.com.sv/web/guest/empresas",view comment
,1-2,afp.confia,15/02/21 15:21:37,0,"@roxxiel puedes escribirnos un mensaje directo para que podamos enviarte el link correspondiente, ya que en los comentarios de Instagram no redireccionan los links.",view comment
2,,roxxiel,15/02/21 15:27:50,0,Ok,view comment
3,,zuleyma5819y,16/03/21 03:23:09,0,Que tengo que hacer para cita virtual con un reprecentante,view comment
1,,pichurrito_mh,10/03/21 17:52:52,0,He mandado un correo a servicio al cliente la semana pasada y sigo esperando respuesta. Sobre un poder. Gracias,view comment
1,,vanegas.reyna1997,14/03/21 21:07:10,0,Y la UNICAES?,view comment
2,,vanegas.reyna1997,14/03/21 21:07:44,0,Y  cual es el beneficio?,view comment
1,,ceronjdavid,25/03/21 03:17:29,1,ğŸ‘ğŸ‘ğŸ‘ğŸ‘,view comment
2,,patytejada87,25/03/21 13:50:06,1,Muchas gracias. Â¡,view comment
1,,catelo59,04/04/21 10:16:43,0,Cual es el numero del whatsap?,view comment
,1-1,afp.confia,05/04/21 21:43:39,0,@catelo59 Buen dÃ­a. Puedes escribirnos por Whatsapp al 2267-7777 (solo mensajes de texto). TambiÃ©n puedes hacerlo haciendo clic en el enlace wa.me/50322677777,view comment
1,,rigolopez141,18/02/21 03:26:40,0,ğŸ‘,view comment
2,,cecy7571,18/02/21 16:17:58,0,Buenas como cuando van a pagar la pensiÃ³n de febrero,view comment
,2-1,afp.confia,18/02/21 16:27:06,0,"@cecy7571 Buen dÃ­a. A principios de aÃ±o publicamos en nuestras redes sociales el calendario de pagos de pensiÃ³n 2021 autorizado. Te comentamos que el pago estÃ¡ programado para el 23/feb. Si nos envÃ­as un DM, con gusto te compartimos el link de la publicaciÃ³n del calendairo para que la archives. Saludos.",view comment
,2-2,cecy7571,18/02/21 17:00:55,0,@afp.confia gracias por la informaciÃ³n,view comment
3,,cecy7571,18/02/21 17:02:09,0,Preguntaba porque habeces se que pagan antes de la fecha saludos,view comment
,3-1,afp.confia,18/02/21 17:10:44,0,"@cecy7571 algunos pagos se empiezan a realizar desde antes para garantizar que en la fecha indicada, todos los pensionados tengan su abono realizado ;)",view comment
,3-2,cecy7571,18/02/21 19:17:43,1,@afp.confia bueno gracias por su valiosa informaciÃ³n lo tendrÃ© presente Bendiciones,view comment
,3-3,rafaele.dominguez,18/02/21 20:01:03,1,@afp.confia ğŸ‘ğŸ‘ğŸ‘,view comment
1,,mary_nolasco60,11/03/21 22:21:54,0,"Buenas tardes,  quiero saber hasta quÃ© horas atiende en lÃ­nea",view comment
,1-1,afp.confia,11/03/21 23:14:30,1,"@mary_nolasco60 Buen dÃ­a. Con gusto. Nuestros horarios de atenciÃ³n son: de lunes a viernes de 8:00 a.m. a 5:00 p.m., y sÃ¡bados hasta las 12:00 m.d.",view comment
,1-2,mary_nolasco60,12/03/21 01:09:10,0,@afp.confia muchas gracias,view comment
1,,esmeraldaluzalma,12/03/21 21:14:28,1,Hay alguna edad para hacer ese trÃ¡mite????,view comment
,1-1,afp.confia,16/03/21 15:59:22,0,"@esmeraldaluzalma No, la edad no ha sido definida como requisito. Te invitamos a visitar nuestro sitio web www.confia.com.sv para conocer los requisitos de ley.",view comment
1,,cecy7571,21/05/21 15:45:23,0,Buenas cuÃ¡ndo pagarÃ¡n el mes de mayo 2021,view comment
,1-1,afp.confia,21/05/21 15:49:13,0,"@cecy7571 Buen dÃ­a. SegÃºn el calendario de pagos 2021, tenemos hasta el 25 de mayo para hacer los pagos. Te invitamos a estar pendiente de nuestras redes sociales para saber cuando se hayan realizado los abonos de este mes. Saludos.",view comment
2,,cecy7571,21/05/21 15:46:05,0,Pregunto xq siempre saben pagar antes de la fecha gracias,view comment
,2-1,afp.confia,21/05/21 15:49:07,0,"@cecy7571 Buen dÃ­a. SegÃºn el calendario de pagos 2021, tenemos hasta el 25 de mayo para hacer los pagos. Te invitamos a estar pendiente de nuestras redes sociales para saber cuando se hayan realizado los abonos de este mes. Saludos.",view comment
3,,carlosvega654,21/05/21 20:03:06,1,ğŸ‘ğŸ‘ğŸ‘ğŸ‘,view comment
4,,catelo59,22/05/21 11:22:49,0,Y si uno estÃ¡ en otro paÃ­s lo puede hacer de forma virtual siempre?,view comment
,4-1,afp.confia,22/05/21 13:41:34,0,"@catelo59 SÃ­, puedes realizarlo desde cualquier parte del mundo y seguir paso a paso las instrucciones.",view comment
1,,oscargarcia1593,09/02/21 00:58:26,0,Estimada AFP Recuerden el pago de pensiones,view comment
,1-1,afp.confia,09/02/21 15:46:41,0,@oscargarcia1593 te recordamos que en enero compartimos el calendario de pagos de pensiÃ³n 2021. Con gusto te compartimos nuevamente el enlace de la publicaciÃ³n. Ingresa aquÃ­ https://www.instagram.com/p/CJw1rrjnxpr/,view comment
1,,arknoah1959,26/05/21 17:28:15,1,â¤ï¸ Gracias !!!!!,view comment
1,,eimi555ej,23/03/21 16:31:22,0,Cuando van a depositar la cuota de mes de marzo por favor puede avisar,view comment
,1-1,afp.confia,23/03/21 16:34:28,0,"@eimi555ej Buen dÃ­a. SegÃºn el calendario de pagos 2021, se tiene programado que todos los abonos de pensiÃ³n estÃ©n realizados el prÃ³ximo 25 de marzo. EnvÃ­anos un mensaje directo para que podamos enviarte la imagen del calendario de pagos 2021.",view comment
,1-2,nelsonelyjimenezbarrera,24/03/21 01:12:38,0,@afp.confia me pueden mandar el calendario por favorito r,view comment
,1-3,cecy7571,24/03/21 03:52:30,0,@afp.confia todo es todo tambiÃ©n el aumento de la pensiÃ³n mÃ­nima y pago de pensiÃ³n??????........,view comment
2,,montemoria12,24/03/21 16:29:25,0,Ya sabemos que el pago de la pensiÃ³n de este mes estÃ¡ programado el 25 de marzo ahora lo raro es que siempre pagan la pensiÃ³n 2 o 3 dÃ­as antes y hoy porque no han pagado,view comment
